e5e5e5
ececec
ffffff
fefefe
ffffff
f8f8f8
e5e5e5
e7e7e7
e5e5e5
efefef
ffffff
fefefe
ffffff
f4f4f4
e5e5e5
e7e7e7
e5e5e5
f3f3f3
ffffff
fefefe
ffffff
f0f0f0
e5e5e5
e7e7e7
e5e5e5
f7f7f7
ffffff
fefefe
ffffff
ececec
e5e5e5
e7e7e7
e6e6e6
fbfbfb
ffffff
ffffff
fefefe
e9e9e9
e6e6e6
e6e6e6
e8e8e8
fdfdfd
ffffff
ffffff
fbfbfb
e7e7e7
e7e7e7
e5e5e5
ebebeb
ffffff
fefefe
ffffff
f8f8f8
e5e5e5
e7e7e7
e5e5e5
efefef
ffffff
fefefe
ffffff
f5f5f5
e5e5e5
e7e7e7
e5e5e5
f2f2f2
ffffff
fefefe
ffffff
f1f1f1
e5e5e5
e7e7e7
e5e5e5
f6f6f6
ffffff
fefefe
ffffff
ededed
e5e5e5
e7e7e7
e6e6e6
fafafa
ffffff
fefefe
fefefe
eaeaea
e6e6e6
e6e6e6
e8e8e8
fdfdfd
ffffff
ffffff
fcfcfc
e7e7e7
e6e6e6
e6e6e6
ebebeb
ffffff
fefefe
ffffff
f9f9f9
e6e6e6
e7e7e7
e5e5e5
eeeeee
ffffff
fefefe
ffffff
f5f5f5
e5e5e5
e7e7e7
e5e5e5
f2f2f2
ffffff
fefefe
ffffff
f2f2f2
e5e5e5
e7e7e7
e5e5e5
f5f5f5
ffffff
fefefe
ffffff
eeeeee
e5e5e5
e7e7e7
e6e6e6
f9f9f9
ffffff
fefefe
ffffff
eaeaea
e6e6e6
e6e6e6
e7e7e7
fcfcfc
ffffff
ffffff
fcfcfc
e8e8e8
e6e6e6
e6e6e6
eaeaea
fefefe
fefefe
ffffff
fafafa
e6e6e6
e7e7e7
e5e5e5
ededed
ffffff
fefefe
ffffff
f6f6f6
e5e5e5
e7e7e7
e5e5e5
f1f1f1
ffffff
fefefe
ffffff
f2f2f2
e5e5e5
e7e7e7
e5e5e5
f5f5f5
ffffff
fefefe
ffffff
efefef
e5e5e5
e7e7e7
e5e5e5
f8f8f8
ffffff
fefefe
ffffff
ebebeb
e5e5e5
e3e3e3
eaeaea
ffffff
ffffff
ffffff
f8f8f8
e3e3e3
e5e5e5
e2e2e2
efefef
ffffff
ffffff
ffffff
f4f4f4
e2e2e2
e5e5e5
e2e2e2
f4f4f4
ffffff
ffffff
ffffff
efefef
e2e2e2
e5e5e5
e3e3e3
f8f8f8
ffffff
ffffff
ffffff
ebebeb
e3e3e3
e4e4e4
e4e4e4
fcfcfc
ffffff
ffffff
ffffff
e7e7e7
e4e4e4
e4e4e4
e7e7e7
ffffff
ffffff
ffffff
fdfdfd
e5e5e5
e4e4e4
e3e3e3
eaeaea
ffffff
ffffff
ffffff
f9f9f9
e3e3e3
e5e5e5
e2e2e2
eeeeee
ffffff
ffffff
ffffff
f5f5f5
e2e2e2
e5e5e5
e2e2e2
f2f2f2
ffffff
ffffff
ffffff
f0f0f0
e2e2e2
e5e5e5
e2e2e2
f7f7f7
ffffff
ffffff
ffffff
ececec
e3e3e3
e5e5e5
e4e4e4
fbfbfb
ffffff
ffffff
ffffff
e8e8e8
e3e3e3
e4e4e4
e6e6e6
ffffff
ffffff
ffffff
fefefe
e5e5e5
e4e4e4
e3e3e3
e9e9e9
ffffff
ffffff
ffffff
fafafa
e3e3e3
e5e5e5
e2e2e2
ededed
ffffff
ffffff
ffffff
f6f6f6
e2e2e2
e5e5e5
e2e2e2
f2f2f2
ffffff
ffffff
ffffff
f1f1f1
e2e2e2
e5e5e5
e2e2e2
f6f6f6
ffffff
ffffff
ffffff
ededed
e3e3e3
e5e5e5
e3e3e3
fafafa
ffffff
ffffff
ffffff
e9e9e9
e3e3e3
e4e4e4
e5e5e5
fefefe
ffffff
ffffff
fefefe
e6e6e6
e4e4e4
e3e3e3
e9e9e9
ffffff
ffffff
ffffff
fbfbfb
e4e4e4
e5e5e5
e3e3e3
ededed
ffffff
ffffff
ffffff
f7f7f7
e2e2e2
e5e5e5
e2e2e2
f1f1f1
ffffff
ffffff
ffffff
f2f2f2
e2e2e2
e5e5e5
e2e2e2
f5f5f5
ffffff
ffffff
ffffff
eeeeee
e2e2e2
e5e5e5
e3e3e3
fafafa
ffffff
ffffff
ffffff
e9e9e9
e3e3e3
f3f3f3
f2f2f2
f2f2f2
f3f3f3
f2f2f2
f3f3f3
f3f3f3
f3f3f3
f3f3f3
f2f2f2
f2f2f2
f2f2f2
f2f2f2
f3f3f3
f3f3f3
f3f3f3
f3f3f3
f2f2f2
f2f2f2
f2f2f2
f3f3f3
f3f3f3
f3f3f3
f3f3f3
f3f3f3
f2f2f2
f2f2f2
f2f2f2
f3f3f3
f3f3f3
f3f3f3
f3f3f3
f3f3f3
f2f2f2
f2f2f2
f2f2f2
f3f3f3
f3f3f3
f3f3f3
f3f3f3
f2f2f2
f2f2f2
f2f2f2
f2f2f2
f3f3f3
f3f3f3
f3f3f3
f3f3f3
f2f2f2
f2f2f2
f2f2f2
f2f2f2
f3f3f3
f3f3f3
f3f3f3
f3f3f3
f2f2f2
f2f2f2
f2f2f2
f2f2f2
f3f3f3
f3f3f3
f3f3f3
f3f3f3
f2f2f2
f2f2f2
f2f2f2
f2f2f2
f3f3f3
f3f3f3
f3f3f3
f3f3f3
f2f2f2
f2f2f2
f2f2f2
f3f3f3
f3f3f3
f3f3f3
f3f3f3
f3f3f3
f2f2f2
f2f2f2
f2f2f2
f3f3f3
f3f3f3
f3f3f3
f3f3f3
f2f2f2
f2f2f2
f3f3f3
f2f2f2
f3f3f3
f3f3f3
f3f3f3
f3f3f3
f2f2f2
f2f2f2
f2f2f2
f2f2f2
f3f3f3
f3f3f3
f3f3f3
f3f3f3
f2f2f2
f2f2f2
f2f2f2
f2f2f2
f3f3f3
f3f3f3
f3f3f3
f3f3f3
f2f2f2
f2f2f2
f2f2f2
f2f2f2
f3f3f3
f3f3f3
f3f3f3
f3f3f3
f2f2f2
f2f2f2
f2f2f2
f3f3f3
f3f3f3
f3f3f3
f3f3f3
f2f2f2
f2f2f2
f3f3f3
f2f2f2
f3f3f3
f3f3f3
f3f3f3
f3f3f3
f2f2f2
f2f2f2
f3f3f3
f2f2f2
f3f3f3
f3f3f3
f3f3f3
f3f3f3
f2f2f2
f2f2f2
f2f2f2
f2f2f2
f3f3f3
f3f3f3
f3f3f3
f3f3f3
f2f2f2
f2f2f2
f2f2f2
f2f2f2
f3f3f3
f3f3f3
f3f3f3
f3f3f3
f2f2f2
f2f2f2
f2f2f2
f2f2f2
f3f3f3
f3f3f3
f3f3f3
f3f3f3
f2f2f2
f2f2f2
f2f2f2
f3f3f3
f3f3f3
f3f3f3
f3f3f3
f3f3f3
f2f2f2
f2f2f2
f2f2f2
f3f3f3
f3f3f3
f3f3f3
ffffff
fafafa
e3e3e3
e5e5e5
e2e2e2
ededed
ffffff
ffffff
ffffff
f5f5f5
e2e2e2
e5e5e5
e2e2e2
f2f2f2
ffffff
ffffff
ffffff
f1f1f1
e2e2e2
e5e5e5
e2e2e2
f7f7f7
ffffff
ffffff
ffffff
ececec
e2e2e2
e5e5e5
e3e3e3
fbfbfb
ffffff
ffffff
ffffff
e8e8e8
e3e3e3
e4e4e4
e6e6e6
fefefe
ffffff
ffffff
fefefe
e5e5e5
e4e4e4
e3e3e3
e9e9e9
ffffff
ffffff
ffffff
fbfbfb
e3e3e3
e5e5e5
e2e2e2
ededed
ffffff
ffffff
ffffff
f6f6f6
e2e2e2
e5e5e5
e2e2e2
f1f1f1
ffffff
ffffff
ffffff
f2f2f2
e2e2e2
e5e5e5
e2e2e2
f5f5f5
ffffff
ffffff
ffffff
ededed
e2e2e2
e5e5e5
e3e3e3
fafafa
ffffff
ffffff
ffffff
e9e9e9
e3e3e3
e4e4e4
e5e5e5
fefefe
ffffff
ffffff
ffffff
e6e6e6
e4e4e4
e3e3e3
e8e8e8
ffffff
ffffff
ffffff
fcfcfc
e4e4e4
e4e4e4
e2e2e2
ececec
ffffff
ffffff
ffffff
f7f7f7
e2e2e2
e5e5e5
e2e2e2
f0f0f0
ffffff
ffffff
ffffff
f3f3f3
e2e2e2
e5e5e5
e2e2e2
f5f5f5
ffffff
ffffff
ffffff
eeeeee
e2e2e2
e5e5e5
e3e3e3
f9f9f9
ffffff
ffffff
ffffff
eaeaea
e3e3e3
e4e4e4
e4e4e4
fdfdfd
ffffff
ffffff
ffffff
e6e6e6
e4e4e4
e3e3e3
e7e7e7
ffffff
ffffff
ffffff
fcfcfc
e4e4e4
e4e4e4
e3e3e3
ebebeb
ffffff
ffffff
ffffff
f8f8f8
e2e2e2
e5e5e5
e2e2e2
efefef
ffffff
ffffff
ffffff
f4f4f4
e2e2e2
e5e5e5
e2e2e2
f4f4f4
ffffff
ffffff
ffffff
efefef
e2e2e2
e5e5e5
e3e3e3
f8f8f8
ffffff
ffffff
ffffff
ebebeb
e3e3e3
e4e4e4
e4e4e4
fcfcfc
ffffff
ffffff
f9f9f9
e6e6e6
e7e7e7
e5e5e5
eeeeee
ffffff
fefefe
ffffff
f5f5f5
e5e5e5
e8e8e8
e5e5e5
f2f2f2
ffffff
fefefe
ffffff
f1f1f1
e5e5e5
e7e7e7
e5e5e5
f6f6f6
ffffff
fefefe
ffffff
eeeeee
e5e5e5
e7e7e7
e6e6e6
fafafa
ffffff
fefefe
fefefe
eaeaea
e6e6e6
e7e7e7
e8e8e8
fcfcfc
ffffff
ffffff
fcfcfc
e8e8e8
e7e7e7
e6e6e6
ebebeb
fefefe
fefefe
ffffff
f9f9f9
e6e6e6
e7e7e7
e5e5e5
eeeeee
ffffff
fefefe
ffffff
f6f6f6
e5e5e5
e8e8e8
e5e5e5
f1f1f1
ffffff
fefefe
ffffff
f2f2f2
e5e5e5
e8e8e8
e5e5e5
f5f5f5
ffffff
fefefe
ffffff
eeeeee
e5e5e5
e7e7e7
e6e6e6
f9f9f9
ffffff
fefefe
ffffff
ebebeb
e6e6e6
e7e7e7
e8e8e8
fcfcfc
ffffff
ffffff
fdfdfd
e8e8e8
e7e7e7
e6e6e6
eaeaea
fefefe
fefefe
ffffff
fafafa
e6e6e6
e7e7e7
e6e6e6
ededed
ffffff
fefefe
ffffff
f7f7f7
e5e5e5
e7e7e7
e5e5e5
f1f1f1
ffffff
fefefe
ffffff
f3f3f3
e5e5e5
e8e8e8
e5e5e5
f4f4f4
ffffff
fefefe
ffffff
efefef
e5e5e5
e7e7e7
e6e6e6
f8f8f8
ffffff
fefefe
ffffff
ececec
e6e6e6
e7e7e7
e7e7e7
fbfbfb
ffffff
ffffff
fdfdfd
e9e9e9
e6e6e6
e6e6e6
e9e9e9
fefefe
fefefe
ffffff
fafafa
e7e7e7
e7e7e7
e6e6e6
ededed
ffffff
fefefe
ffffff
f7f7f7
e6e6e6
e7e7e7
e5e5e5
f0f0f0
ffffff
fefefe
ffffff
f3f3f3
e5e5e5
e8e8e8
e5e5e5
f4f4f4
ffffff
fefefe
ffffff
f0f0f0
e5e5e5
e7e7e7
e6e6e6
f8f8f8
ffffff
fefefe
ffffff
ececec
e6e6e6
e7e7e7
e7e7e7
fbfbfb
ffffff
e9e9e9
ededed
fcfcfc
fbfbfb
fcfcfc
f6f6f6
e9e9e9
eaeaea
e9e9e9
f0f0f0
fcfcfc
fbfbfb
fdfdfd
f4f4f4
e9e9e9
eaeaea
e9e9e9
f3f3f3
fdfdfd
fbfbfb
fdfdfd
f1f1f1
e9e9e9
eaeaea
e9e9e9
f6f6f6
fcfcfc
fbfbfb
fcfcfc
eeeeee
e9e9e9
eaeaea
eaeaea
f8f8f8
fcfcfc
fbfbfb
fbfbfb
ececec
e9e9e9
eaeaea
ebebeb
fafafa
fbfbfb
fcfcfc
f9f9f9
eaeaea
eaeaea
e9e9e9
ededed
fcfcfc
fbfbfb
fcfcfc
f7f7f7
e9e9e9
eaeaea
e9e9e9
f0f0f0
fcfcfc
fbfbfb
fdfdfd
f4f4f4
e9e9e9
eaeaea
e9e9e9
f2f2f2
fdfdfd
fbfbfb
fdfdfd
f2f2f2
e9e9e9
eaeaea
e9e9e9
f5f5f5
fcfcfc
fbfbfb
fcfcfc
efefef
e9e9e9
eaeaea
e9e9e9
f8f8f8
fcfcfc
fbfbfb
fbfbfb
ededed
e9e9e9
eaeaea
ebebeb
fafafa
fcfcfc
fcfcfc
fafafa
ebebeb
eaeaea
e9e9e9
ededed
fbfbfb
fbfbfb
fcfcfc
f8f8f8
e9e9e9
eaeaea
e9e9e9
efefef
fcfcfc
fbfbfb
fcfcfc
f5f5f5
e9e9e9
eaeaea
e9e9e9
f2f2f2
fdfdfd
fbfbfb
fdfdfd
f2f2f2
e9e9e9
eaeaea
e9e9e9
f5f5f5
fdfdfd
fbfbfb
fcfcfc
efefef
e9e9e9
eaeaea
e9e9e9
f7f7f7
fcfcfc
fbfbfb
fbfbfb
ededed
e9e9e9
eaeaea
eaeaea
f9f9f9
fcfcfc
fcfcfc
fafafa
ebebeb
eaeaea
e9e9e9
ececec
fbfbfb
fbfbfb
fcfcfc
f8f8f8
eaeaea
eaeaea
e9e9e9
efefef
fcfcfc
fbfbfb
fcfcfc
f6f6f6
e9e9e9
eaeaea
e9e9e9
f1f1f1
fdfdfd
fbfbfb
fdfdfd
f3f3f3
e9e9e9
eaeaea
e9e9e9
f4f4f4
fdfdfd
fbfbfb
fcfcfc
f0f0f0
e9e9e9
eaeaea
e9e9e9
f7f7f7
fcfcfc
fbfbfb
fcfcfc
ededed
e9e9e9
e2e2e2
eaeaea
ffffff
ffffff
ffffff
f9f9f9
e2e2e2
e4e4e4
e2e2e2
eeeeee
ffffff
ffffff
ffffff
f4f4f4
e2e2e2
e5e5e5
e2e2e2
f3f3f3
ffffff
ffffff
ffffff
efefef
e2e2e2
e5e5e5
e2e2e2
f8f8f8
ffffff
ffffff
ffffff
ebebeb
e2e2e2
e4e4e4
e4e4e4
fcfcfc
ffffff
ffffff
ffffff
e7e7e7
e3e3e3
e3e3e3
e6e6e6
ffffff
ffffff
ffffff
fefefe
e4e4e4
e4e4e4
e3e3e3
eaeaea
ffffff
ffffff
ffffff
fafafa
e3e3e3
e4e4e4
e2e2e2
eeeeee
ffffff
ffffff
ffffff
f5f5f5
e2e2e2
e5e5e5
e2e2e2
f2f2f2
ffffff
ffffff
ffffff
f0f0f0
e2e2e2
e5e5e5
e2e2e2
f7f7f7
ffffff
ffffff
ffffff
ececec
e2e2e2
e4e4e4
e3e3e3
fbfbfb
ffffff
ffffff
ffffff
e8e8e8
e3e3e3
e4e4e4
e5e5e5
ffffff
ffffff
ffffff
fefefe
e5e5e5
e4e4e4
e3e3e3
e9e9e9
ffffff
ffffff
ffffff
fafafa
e3e3e3
e4e4e4
e2e2e2
ededed
ffffff
ffffff
ffffff
f6f6f6
e2e2e2
e5e5e5
e2e2e2
f2f2f2
ffffff
ffffff
ffffff
f1f1f1
e2e2e2
e5e5e5
e2e2e2
f6f6f6
ffffff
ffffff
ffffff
ededed
e2e2e2
e4e4e4
e3e3e3
fafafa
ffffff
ffffff
ffffff
e9e9e9
e3e3e3
e4e4e4
e5e5e5
fefefe
ffffff
ffffff
ffffff
e5e5e5
e4e4e4
e3e3e3
e8e8e8
ffffff
ffffff
ffffff
fbfbfb
e3e3e3
e4e4e4
e2e2e2
ececec
ffffff
ffffff
ffffff
f7f7f7
e2e2e2
e5e5e5
e2e2e2
f1f1f1
ffffff
ffffff
ffffff
f2f2f2
e2e2e2
e5e5e5
e2e2e2
f5f5f5
ffffff
ffffff
ffffff
eeeeee
e2e2e2
e4e4e4
e3e3e3
fafafa
ffffff
ffffff
ffffff
e9e9e9
e2e2e2
ededed
efefef
f8f8f8
f8f8f8
f8f8f8
f5f5f5
ededed
eeeeee
ededed
f1f1f1
f8f8f8
f7f7f7
f8f8f8
f3f3f3
ededed
eeeeee
ededed
f3f3f3
f8f8f8
f7f7f7
f8f8f8
f2f2f2
ededed
eeeeee
ededed
f4f4f4
f8f8f8
f7f7f7
f8f8f8
f0f0f0
ededed
ededed
ededed
f6f6f6
f8f8f8
f8f8f8
f8f8f8
efefef
ededed
ededed
eeeeee
f7f7f7
f8f8f8
f8f8f8
f7f7f7
eeeeee
ededed
ededed
efefef
f8f8f8
f8f8f8
f8f8f8
f5f5f5
ededed
eeeeee
ededed
f1f1f1
f8f8f8
f7f7f7
f8f8f8
f4f4f4
ededed
eeeeee
ededed
f2f2f2
f9f9f9
f7f7f7
f8f8f8
f2f2f2
ededed
eeeeee
ededed
f4f4f4
f8f8f8
f7f7f7
f8f8f8
f0f0f0
ededed
eeeeee
ededed
f5f5f5
f8f8f8
f8f8f8
f8f8f8
efefef
ededed
ededed
eeeeee
f7f7f7
f8f8f8
f8f8f8
f7f7f7
eeeeee
ededed
ededed
efefef
f8f8f8
f8f8f8
f8f8f8
f6f6f6
ededed
eeeeee
ededed
f0f0f0
f8f8f8
f7f7f7
f8f8f8
f4f4f4
ededed
eeeeee
ededed
f2f2f2
f8f8f8
f7f7f7
f9f9f9
f3f3f3
ededed
eeeeee
ededed
f4f4f4
f8f8f8
f7f7f7
f8f8f8
f1f1f1
ededed
eeeeee
ededed
f5f5f5
f8f8f8
f8f8f8
f8f8f8
efefef
ededed
ededed
eeeeee
f6f6f6
f8f8f8
f8f8f8
f7f7f7
eeeeee
ededed
ededed
efefef
f8f8f8
f8f8f8
f8f8f8
f6f6f6
ededed
ededed
ededed
f0f0f0
f8f8f8
f7f7f7
f8f8f8
f4f4f4
ededed
eeeeee
ededed
f2f2f2
f8f8f8
f7f7f7
f9f9f9
f3f3f3
ededed
eeeeee
ededed
f3f3f3
f8f8f8
f7f7f7
f8f8f8
f1f1f1
ededed
eeeeee
ededed
f5f5f5
f8f8f8
f8f8f8
f8f8f8
f0f0f0
ededed
ffffff
fafafa
e4e4e4
e6e6e6
e3e3e3
eeeeee
ffffff
ffffff
ffffff
f5f5f5
e3e3e3
e6e6e6
e3e3e3
f2f2f2
ffffff
ffffff
ffffff
f1f1f1
e3e3e3
e6e6e6
e3e3e3
f6f6f6
ffffff
ffffff
ffffff
ededed
e4e4e4
e6e6e6
e4e4e4
fafafa
ffffff
ffffff
ffffff
e9e9e9
e4e4e4
e5e5e5
e6e6e6
fdfdfd
ffffff
ffffff
fefefe
e6e6e6
e5e5e5
e4e4e4
e9e9e9
ffffff
ffffff
ffffff
fafafa
e4e4e4
e6e6e6
e4e4e4
ededed
ffffff
ffffff
ffffff
f6f6f6
e3e3e3
e6e6e6
e3e3e3
f1f1f1
ffffff
ffffff
ffffff
f2f2f2
e3e3e3
e6e6e6
e3e3e3
f5f5f5
ffffff
ffffff
ffffff
eeeeee
e3e3e3
e6e6e6
e4e4e4
f9f9f9
ffffff
ffffff
ffffff
eaeaea
e4e4e4
e5e5e5
e6e6e6
fdfdfd
ffffff
ffffff
fefefe
e7e7e7
e5e5e5
e4e4e4
e9e9e9
ffffff
ffffff
ffffff
fbfbfb
e5e5e5
e5e5e5
e4e4e4
ececec
ffffff
ffffff
ffffff
f7f7f7
e4e4e4
e6e6e6
e3e3e3
f0f0f0
ffffff
ffffff
ffffff
f3f3f3
e3e3e3
e6e6e6
e3e3e3
f5f5f5
ffffff
ffffff
ffffff
efefef
e3e3e3
e6e6e6
e4e4e4
f9f9f9
ffffff
ffffff
ffffff
ebebeb
e4e4e4
e5e5e5
e5e5e5
fcfcfc
ffffff
ffffff
ffffff
e8e8e8
e5e5e5
e5e5e5
e8e8e8
ffffff
ffffff
ffffff
fcfcfc
e5e5e5
e5e5e5
e4e4e4
ebebeb
ffffff
ffffff
ffffff
f8f8f8
e4e4e4
e6e6e6
e3e3e3
efefef
ffffff
ffffff
ffffff
f4f4f4
e3e3e3
e6e6e6
e3e3e3
f4f4f4
ffffff
ffffff
ffffff
efefef
e3e3e3
e6e6e6
e4e4e4
f8f8f8
ffffff
ffffff
ffffff
ebebeb
e4e4e4
e5e5e5
e5e5e5
fcfcfc
ffffff
ffffff
fafafa
e4e4e4
e5e5e5
e3e3e3
ededed
ffffff
ffffff
ffffff
f6f6f6
e3e3e3
e6e6e6
e3e3e3
f2f2f2
ffffff
ffffff
ffffff
f1f1f1
e3e3e3
e6e6e6
e3e3e3
f6f6f6
ffffff
ffffff
ffffff
ededed
e3e3e3
e5e5e5
e4e4e4
fafafa
ffffff
ffffff
ffffff
e9e9e9
e4e4e4
e5e5e5
e6e6e6
fefefe
ffffff
ffffff
fefefe
e6e6e6
e5e5e5
e4e4e4
e9e9e9
ffffff
ffffff
ffffff
fbfbfb
e4e4e4
e5e5e5
e3e3e3
ededed
ffffff
ffffff
ffffff
f7f7f7
e3e3e3
e6e6e6
e3e3e3
f1f1f1
ffffff
ffffff
ffffff
f2f2f2
e3e3e3
e6e6e6
e3e3e3
f5f5f5
ffffff
ffffff
ffffff
eeeeee
e3e3e3
e5e5e5
e4e4e4
f9f9f9
ffffff
ffffff
ffffff
eaeaea
e4e4e4
e5e5e5
e5e5e5
fdfdfd
ffffff
ffffff
fefefe
e7e7e7
e5e5e5
e4e4e4
e8e8e8
ffffff
ffffff
ffffff
fbfbfb
e4e4e4
e5e5e5
e3e3e3
ececec
ffffff
ffffff
ffffff
f7f7f7
e3e3e3
e6e6e6
e3e3e3
f0f0f0
ffffff
ffffff
ffffff
f3f3f3
e3e3e3
e6e6e6
e3e3e3
f5f5f5
ffffff
ffffff
ffffff
efefef
e3e3e3
e5e5e5
e4e4e4
f9f9f9
ffffff
ffffff
ffffff
ebebeb
e4e4e4
e5e5e5
e5e5e5
fcfcfc
ffffff
ffffff
ffffff
e7e7e7
e4e4e4
e4e4e4
e8e8e8
ffffff
ffffff
ffffff
fcfcfc
e5e5e5
e5e5e5
e4e4e4
ebebeb
ffffff
ffffff
ffffff
f8f8f8
e3e3e3
e6e6e6
e3e3e3
efefef
ffffff
ffffff
ffffff
f4f4f4
e3e3e3
e6e6e6
e3e3e3
f4f4f4
ffffff
ffffff
ffffff
efefef
e3e3e3
e6e6e6
e3e3e3
f8f8f8
ffffff
ffffff
ffffff
ebebeb
e3e3e3
e5e5e5
e5e5e5
fcfcfc
ffffff
eeeeee
f0f0f0
f7f7f7
f7f7f7
f7f7f7
f4f4f4
eeeeee
efefef
eeeeee
f1f1f1
f7f7f7
f6f6f6
f7f7f7
f3f3f3
eeeeee
efefef
eeeeee
f3f3f3
f7f7f7
f6f6f6
f7f7f7
f2f2f2
eeeeee
efefef
eeeeee
f4f4f4
f7f7f7
f6f6f6
f7f7f7
f1f1f1
eeeeee
efefef
efefef
f5f5f5
f7f7f7
f7f7f7
f7f7f7
f0f0f0
eeeeee
eeeeee
efefef
f6f6f6
f7f7f7
f7f7f7
f6f6f6
efefef
efefef
eeeeee
f0f0f0
f7f7f7
f7f7f7
f7f7f7
f5f5f5
eeeeee
efefef
eeeeee
f1f1f1
f7f7f7
f6f6f6
f7f7f7
f4f4f4
eeeeee
efefef
eeeeee
f2f2f2
f7f7f7
f6f6f6
f7f7f7
f2f2f2
eeeeee
efefef
eeeeee
f4f4f4
f7f7f7
f6f6f6
f7f7f7
f1f1f1
eeeeee
efefef
eeeeee
f5f5f5
f7f7f7
f7f7f7
f7f7f7
f0f0f0
eeeeee
efefef
efefef
f6f6f6
f7f7f7
f7f7f7
f6f6f6
efefef
efefef
eeeeee
f0f0f0
f7f7f7
f7f7f7
f7f7f7
f5f5f5
eeeeee
efefef
eeeeee
f1f1f1
f7f7f7
f6f6f6
f7f7f7
f4f4f4
eeeeee
efefef
eeeeee
f2f2f2
f7f7f7
f6f6f6
f7f7f7
f3f3f3
eeeeee
efefef
eeeeee
f3f3f3
f7f7f7
f6f6f6
f7f7f7
f1f1f1
eeeeee
efefef
eeeeee
f5f5f5
f7f7f7
f7f7f7
f7f7f7
f0f0f0
eeeeee
efefef
efefef
f6f6f6
f7f7f7
f7f7f7
f6f6f6
efefef
efefef
eeeeee
f0f0f0
f7f7f7
f7f7f7
f7f7f7
f5f5f5
eeeeee
efefef
eeeeee
f1f1f1
f7f7f7
f6f6f6
f7f7f7
f4f4f4
eeeeee
efefef
eeeeee
f2f2f2
f7f7f7
f6f6f6
f7f7f7
f3f3f3
eeeeee
efefef
eeeeee
f3f3f3
f7f7f7
f6f6f6
f7f7f7
f2f2f2
eeeeee
efefef
eeeeee
f4f4f4
f7f7f7
f7f7f7
f7f7f7
f0f0f0
eeeeee
e2e2e2
eaeaea
ffffff
ffffff
ffffff
f9f9f9
e2e2e2
e5e5e5
e2e2e2
efefef
ffffff
ffffff
ffffff
f4f4f4
e2e2e2
e5e5e5
e2e2e2
f4f4f4
ffffff
ffffff
ffffff
efefef
e2e2e2
e5e5e5
e2e2e2
f8f8f8
ffffff
ffffff
ffffff
ebebeb
e2e2e2
e4e4e4
e4e4e4
fcfcfc
ffffff
ffffff
ffffff
e7e7e7
e3e3e3
e3e3e3
e6e6e6
ffffff
ffffff
ffffff
fdfdfd
e4e4e4
e4e4e4
e3e3e3
eaeaea
ffffff
ffffff
ffffff
f9f9f9
e3e3e3
e4e4e4
e2e2e2
eeeeee
ffffff
ffffff
ffffff
f5f5f5
e2e2e2
e5e5e5
e2e2e2
f2f2f2
ffffff
ffffff
ffffff
f0f0f0
e2e2e2
e5e5e5
e2e2e2
f7f7f7
ffffff
ffffff
ffffff
ececec
e2e2e2
e4e4e4
e3e3e3
fcfcfc
ffffff
ffffff
ffffff
e8e8e8
e3e3e3
e4e4e4
e6e6e6
ffffff
ffffff
ffffff
fefefe
e5e5e5
e4e4e4
e3e3e3
e9e9e9
ffffff
ffffff
ffffff
fafafa
e3e3e3
e4e4e4
e2e2e2
ededed
ffffff
ffffff
ffffff
f6f6f6
e2e2e2
e5e5e5
e2e2e2
f2f2f2
ffffff
ffffff
ffffff
f1f1f1
e2e2e2
e5e5e5
e2e2e2
f6f6f6
ffffff
ffffff
ffffff
ededed
e2e2e2
e4e4e4
e3e3e3
fbfbfb
ffffff
ffffff
ffffff
e9e9e9
e3e3e3
e4e4e4
e5e5e5
fefefe
ffffff
ffffff
ffffff
e5e5e5
e4e4e4
e3e3e3
e8e8e8
ffffff
ffffff
ffffff
fbfbfb
e3e3e3
e4e4e4
e2e2e2
ececec
ffffff
ffffff
ffffff
f7f7f7
e2e2e2
e5e5e5
e2e2e2
f1f1f1
ffffff
ffffff
ffffff
f2f2f2
e2e2e2
e5e5e5
e2e2e2
f6f6f6
ffffff
ffffff
ffffff
eeeeee
e2e2e2
e4e4e4
e3e3e3
fafafa
ffffff
ffffff
ffffff
e9e9e9
e2e2e2
e8e8e8
ededed
fdfdfd
fcfcfc
fdfdfd
f7f7f7
e8e8e8
e9e9e9
e8e8e8
f0f0f0
fdfdfd
fcfcfc
fdfdfd
f4f4f4
e8e8e8
eaeaea
e8e8e8
f3f3f3
fdfdfd
fcfcfc
fdfdfd
f1f1f1
e8e8e8
eaeaea
e8e8e8
f6f6f6
fdfdfd
fcfcfc
fdfdfd
eeeeee
e8e8e8
e9e9e9
e9e9e9
f9f9f9
fdfdfd
fcfcfc
fcfcfc
ebebeb
e9e9e9
e9e9e9
ebebeb
fbfbfb
fcfcfc
fdfdfd
fafafa
e9e9e9
e9e9e9
e8e8e8
ededed
fcfcfc
fcfcfc
fdfdfd
f7f7f7
e8e8e8
e9e9e9
e8e8e8
efefef
fdfdfd
fcfcfc
fdfdfd
f4f4f4
e8e8e8
eaeaea
e8e8e8
f2f2f2
fefefe
fbfbfb
fdfdfd
f1f1f1
e8e8e8
eaeaea
e8e8e8
f5f5f5
fdfdfd
fcfcfc
fdfdfd
eeeeee
e8e8e8
e9e9e9
e9e9e9
f8f8f8
fdfdfd
fcfcfc
fcfcfc
ececec
e8e8e8
e9e9e9
eaeaea
fbfbfb
fcfcfc
fcfcfc
fafafa
eaeaea
e9e9e9
e8e8e8
ececec
fcfcfc
fcfcfc
fdfdfd
f8f8f8
e8e8e8
e9e9e9
e8e8e8
efefef
fdfdfd
fcfcfc
fdfdfd
f5f5f5
e8e8e8
eaeaea
e8e8e8
f2f2f2
fefefe
fbfbfb
fdfdfd
f2f2f2
e8e8e8
eaeaea
e8e8e8
f5f5f5
fdfdfd
fcfcfc
fdfdfd
efefef
e8e8e8
e9e9e9
e8e8e8
f8f8f8
fdfdfd
fcfcfc
fcfcfc
ececec
e8e8e8
e9e9e9
eaeaea
fafafa
fcfcfc
fcfcfc
fbfbfb
eaeaea
e9e9e9
e8e8e8
ececec
fcfcfc
fcfcfc
fdfdfd
f8f8f8
e9e9e9
e9e9e9
e8e8e8
eeeeee
fdfdfd
fcfcfc
fdfdfd
f5f5f5
e8e8e8
eaeaea
e8e8e8
f1f1f1
fdfdfd
fbfbfb
fefefe
f2f2f2
e8e8e8
eaeaea
e8e8e8
f4f4f4
fdfdfd
fcfcfc
fdfdfd
efefef
e8e8e8
e9e9e9
e8e8e8
f7f7f7
fdfdfd
fcfcfc
fdfdfd
ededed
e8e8e8
ffffff
f8f8f8
e6e6e6
e8e8e8
e6e6e6
efefef
ffffff
fdfdfd
ffffff
f5f5f5
e6e6e6
e8e8e8
e6e6e6
f2f2f2
ffffff
fdfdfd
ffffff
f1f1f1
e6e6e6
e8e8e8
e6e6e6
f6f6f6
ffffff
fdfdfd
ffffff
eeeeee
e6e6e6
e8e8e8
e7e7e7
f9f9f9
ffffff
fefefe
fefefe
ebebeb
e7e7e7
e7e7e7
e9e9e9
fcfcfc
fefefe
fefefe
fcfcfc
e8e8e8
e7e7e7
e7e7e7
ebebeb
fefefe
fdfdfd
ffffff
f9f9f9
e7e7e7
e8e8e8
e6e6e6
eeeeee
ffffff
fdfdfd
ffffff
f5f5f5
e6e6e6
e8e8e8
e6e6e6
f1f1f1
ffffff
fdfdfd
ffffff
f2f2f2
e6e6e6
e8e8e8
e6e6e6
f5f5f5
ffffff
fdfdfd
ffffff
eeeeee
e6e6e6
e8e8e8
e7e7e7
f8f8f8
ffffff
fdfdfd
fefefe
ebebeb
e7e7e7
e7e7e7
e8e8e8
fbfbfb
fefefe
fefefe
fcfcfc
e9e9e9
e7e7e7
e7e7e7
eaeaea
fdfdfd
fefefe
ffffff
f9f9f9
e7e7e7
e8e6e5
e6e3e3
ededed
ffffff
fdfdfd
ffffff
f6f6f6
e6e6e6
e8e8e8
e6e6e6
f1f1f1
ffffff
fdfdfd
ffffff
f3f3f3
e6e6e6
e8e8e8
e6e6e6
f4f4f4
ffffff
fdfdfd
ffffff
efefef
e6e6e6
e8e8e8
e6e6e6
f8f8f8
ffffff
fdfdfd
fefefe
ececec
e6e6e6
e7e7e7
e8e8e8
fbfbfb
fefefe
fefefe
fcfcfc
e9e9e9
e7e7e7
e7e7e7
eaeaea
fdfdfd
fefefe
fefefe
fafafa
e7e7e7
e8e8e8
e6e6e6
ededed
ffffff
fdfdfd
ffffff
f7f7f7
e6e6e6
e8e8e8
e6e6e6
f0f0f0
ffffff
fdfdfd
ffffff
f3f3f3
e6e6e6
e8e8e8
e6e6e6
f4f4f4
ffffff
fdfdfd
ffffff
f0f0f0
e6e6e6
e8e8e8
e6e6e6
f7f7f7
ffffff
fdfdfd
fefefe
ededed
e6e6e6
e8e8e8
e7e7e7
fafafa
ffffff
ffffff
fafafa
e3e3e3
e5e5e5
e2e2e2
ededed
ffffff
ffffff
ffffff
f5f5f5
e2e2e2
e5e5e5
e2e2e2
f2f2f2
ffffff
ffffff
ffffff
f1f1f1
e2e2e2
e5e5e5
e2e2e2
f7f7f7
ffffff
ffffff
ffffff
ececec
e2e2e2
e4e4e4
e3e3e3
fbfbfb
ffffff
ffffff
ffffff
e8e8e8
e3e3e3
e4e4e4
e5e5e5
ffffff
ffffff
ffffff
fefefe
e5e5e5
e4e4e4
e3e3e3
e9e9e9
ffffff
ffffff
ffffff
fbfbfb
e3e3e3
e4e4e4
e2e2e2
ededed
ffffff
ffffff
ffffff
f6f6f6
e2e2e2
e5e5e5
e2e2e2
f1f1f1
ffffff
ffffff
ffffff
f2f2f2
e2e2e2
e5e5e5
e2e2e2
f5f5f5
ffffff
ffffff
ffffff
ededed
e2e2e2
e5e5e5
e3e3e3
fafafa
ffffff
ffffff
ffffff
e9e9e9
e3e3e3
e4e4e4
e5e5e5
fefefe
ffffff
ffffff
ffffff
e6e6e6
e4e4e4
e3e3e3
e8e8e8
ffffff
ffffff
ffffff
fcfcfc
e4e3e3
e5eff0
e3f2f4
ecf0f1
ffffff
ffffff
ffffff
f7f7f7
e2e2e2
e5e5e5
e2e2e2
f0f0f0
ffffff
ffffff
ffffff
f3f3f3
e2e2e2
e5e5e5
e2e2e2
f5f5f5
ffffff
ffffff
ffffff
eeeeee
e2e2e2
e5e5e5
e3e3e3
f9f9f9
ffffff
ffffff
ffffff
eaeaea
e3e3e3
e4e4e4
e4e4e4
fdfdfd
ffffff
ffffff
ffffff
e6e6e6
e4e4e4
e3e3e3
e7e7e7
ffffff
ffffff
ffffff
fcfcfc
e4e4e4
e4e4e4
e3e3e3
ebebeb
ffffff
ffffff
ffffff
f8f8f8
e2e2e2
e5e5e5
e2e2e2
efefef
ffffff
ffffff
ffffff
f4f4f4
e2e2e2
e5e5e5
e2e2e2
f4f4f4
ffffff
ffffff
ffffff
efefef
e2e2e2
e5e5e5
e2e2e2
f8f8f8
ffffff
ffffff
ffffff
ebebeb
e3e3e3
e4e4e4
e4e4e4
fcfcfc
ffffff
f4f4f4
f3f3f3
f1f1f1
f1f1f1
f1f1f1
f2f2f2
f4f4f4
f4f4f4
f4f4f4
f3f3f3
f1f1f1
f1f1f1
f1f1f1
f3f3f3
f4f4f4
f4f4f4
f4f4f4
f2f2f2
f1f1f1
f1f1f1
f1f1f1
f3f3f3
f4f4f4
f4f4f4
f4f4f4
f2f2f2
f1f1f1
f1f1f1
f1f1f1
f4f4f4
f4f4f4
f4f4f4
f4f4f4
f1f1f1
f1f1f1
f1f1f1
f2f2f2
f4f4f4
f4f4f4
f4f4f4
f4f4f4
f1f1f1
f1f1f1
f1f1f1
f2f2f2
f4f4f4
f4f4f4
f4f4f4
f3f3f3
f1f1f1
f1f1f1
f1f1f1
f2f2f2
f4f4f4
f4f4f4
f4f4f4
f3f3f3
f1f1f1
f1f1f1
f1f1f1
f3f3f3
f4f4f4
f4f4f4
f4f4f4
f2f2f2
f1f1f1
f1f1f1
f1f1f1
f3f3f3
f4f4f4
f4f4f4
f4f4f4
f2f2f2
f1f1f1
f1f1f1
f1f1f1
f4f4f4
f4f4f4
f4f4f4
f4f4f4
f1f1f1
f1f1f1
f1f1f1
f2f2f2
f4f4f4
f4f4f4
f4f4f4
f4f4f4
f1f1f1
f1f1f1
f1f1f1
f2f2f2
f4f4f4
f4f4f4
f4f4f4
f3f3f3
f1f4f4
efbab5
ee978e
f1dcda
f5f6f7
f4f1f1
f4f4f4
f3f3f3
f1f1f1
f1f1f1
f1f1f1
f3f3f3
f4f4f4
f4f4f4
f4f4f4
f2f2f2
f1f1f1
f1f1f1
f1f1f1
f3f3f3
f4f4f4
f4f4f4
f4f4f4
f2f2f2
f1f1f1
f1f1f1
f1f1f1
f4f4f4
f4f4f4
f4f4f4
f4f4f4
f1f1f1
f1f1f1
f1f1f1
f1f1f1
f4f4f4
f4f4f4
f4f4f4
f4f4f4
f1f1f1
f1f1f1
f1f1f1
f2f2f2
f4f4f4
f4f4f4
f4f4f4
f3f3f3
f1f1f1
f1f1f1
f1f1f1
f2f2f2
f4f4f4
f4f4f4
f4f4f4
f3f3f3
f1f1f1
f1f1f1
f1f1f1
f3f3f3
f4f4f4
f4f4f4
f4f4f4
f2f2f2
f1f1f1
f1f1f1
f1f1f1
f3f3f3
f4f4f4
f4f4f4
f4f4f4
f2f2f2
f1f1f1
f1f1f1
f1f1f1
f4f4f4
f4f4f4
f4f4f4
f4f4f4
f2f2f2
f1f1f1
f1f1f1
f1f1f1
f4f4f4
f4f4f4
e3e3e3
eaeaea
ffffff
ffffff
ffffff
f8f8f8
e3e3e3
e5e5e5
e2e2e2
efefef
ffffff
ffffff
ffffff
f4f4f4
e2e2e2
e5e5e5
e2e2e2
f4f4f4
ffffff
ffffff
ffffff
efefef
e2e2e2
e5e5e5
e3e3e3
f8f8f8
ffffff
ffffff
ffffff
ebebeb
e3e3e3
e5e5e5
e4e4e4
fcfcfc
ffffff
ffffff
ffffff
e7e7e7
e4e4e4
e4e4e4
e7e7e7
ffffff
ffffff
ffffff
fdfdfd
e5e5e5
e4e4e4
e3e3e3
eaeaea
ffffff
ffffff
ffffff
f9f9f9
e3e3e3
e5e5e5
e2e2e2
eeeeee
ffffff
ffffff
ffffff
f5f5f5
e2e2e2
e5e5e5
e2e2e2
f2f2f2
ffffff
ffffff
ffffff
f0f0f0
e2e2e2
e5e5e5
e3e3e3
f7f7f7
ffffff
ffffff
ffffff
ececec
e3e3e3
e5e5e5
e4e4e4
fbfbfb
ffffff
ffffff
ffffff
e8e8e8
e3e3e3
e4e4e4
e6e6e6
ffffff
ffffff
ffffff
fefefe
e5e5e5
e4e4e4
e3e3e3
e9e9e9
ffffff
fc6d62
fd2410
f6bbb5
e3f7f9
e4ebeb
e2e5e5
ededed
ffffff
ffffff
ffffff
f6f6f6
e2e2e2
e5e5e5
e2e2e2
f2f2f2
ffffff
ffffff
ffffff
f1f1f1
e2e2e2
e5e5e5
e2e2e2
f6f6f6
ffffff
ffffff
ffffff
ededed
e3e3e3
e5e5e5
e3e3e3
fafafa
ffffff
ffffff
ffffff
e9e9e9
e3e3e3
e4e4e4
e5e5e5
fefefe
ffffff
ffffff
fefefe
e6e6e6
e4e4e4
e3e3e3
e9e9e9
ffffff
ffffff
ffffff
fbfbfb
e4e4e4
e5e5e5
e3e3e3
ededed
ffffff
ffffff
ffffff
f7f7f7
e2e2e2
e5e5e5
e2e2e2
f1f1f1
ffffff
ffffff
ffffff
f2f2f2
e2e2e2
e5e5e5
e2e2e2
f5f5f5
ffffff
ffffff
ffffff
eeeeee
e2e2e2
e5e5e5
e3e3e3
fafafa
ffffff
ffffff
ffffff
e9e9e9
e3e3e3
e5e5e5
ebebeb
ffffff
ffffff
ffffff
f8f8f8
e5e5e5
e7e7e7
e4e4e4
efefef
ffffff
fefefe
ffffff
f4f4f4
e4e4e4
e7e7e7
e4e4e4
f3f3f3
ffffff
fefefe
ffffff
f0f0f0
e4e4e4
e7e7e7
e5e5e5
f7f7f7
ffffff
ffffff
ffffff
ececec
e5e5e5
e6e6e6
e6e6e6
fbfbfb
ffffff
ffffff
fefefe
e9e9e9
e6e6e6
e6e6e6
e8e8e8
fefefe
ffffff
ffffff
fcfcfc
e7e7e7
e6e6e6
e5e5e5
ebebeb
ffffff
ffffff
ffffff
f9f9f9
e5e5e5
e7e7e7
e5e5e5
eeeeee
ffffff
fefefe
ffffff
f5f5f5
e4e4e4
e7e7e7
e4e4e4
f2f2f2
ffffff
fefefe
ffffff
f1f1f1
e4e4e4
e7e7e7
e5e5e5
f6f6f6
ffffff
fefefe
ffffff
ededed
e5e5e5
e6e6e6
e6e6e6
fafafa
ffffff
ffffff
ffffff
eaeaea
e5e5e5
e6e6e6
e8e8e8
fdfdfd
ffffff
ffffff
fcfcfc
e7e7e7
e6e6e6
e5e5e5
eaeaea
ffffff
fdf7f6
f9dad5
fbecec
f4736a
f38079
e5dddd
eef0f0
ffffff
fefefe
ffffff
f6f6f6
e4e4e4
e7e7e7
e4e4e4
f2f2f2
ffffff
fefefe
ffffff
f2f2f2
e4e4e4
e7e7e7
e4e4e4
f6f6f6
ffffff
fefefe
ffffff
eeeeee
e5e5e5
e7e7e7
e5e5e5
f9f9f9
ffffff
ffffff
ffffff
eaeaea
e5e5e5
e6e6e6
e7e7e7
fdfdfd
ffffff
ffffff
fdfdfd
e7e7e7
e6e6e6
e5e5e5
eaeaea
ffffff
ffffff
ffffff
fafafa
e6e6e6
e6e6e6
e5e5e5
ededed
ffffff
fefefe
ffffff
f6f6f6
e5e5e5
e7e7e7
e4e4e4
f1f1f1
ffffff
fefefe
ffffff
f2f2f2
e4e4e4
e7e7e7
e4e4e4
f5f5f5
ffffff
fefefe
ffffff
eeeeee
e5e5e5
e7e7e7
e5e5e5
f9f9f9
ffffff
ffffff
ffffff
ebebeb
e5e5e5
fbfbfb
f7f7f7
ebebeb
ebebeb
eaeaea
f0f0f0
fbfbfb
fafafa
fbfbfb
f5f5f5
eaeaea
ececec
eaeaea
f2f2f2
fbfbfb
fafafa
fbfbfb
f2f2f2
eaeaea
ececec
eaeaea
f4f4f4
fbfbfb
fafafa
fbfbfb
f0f0f0
eaeaea
ebebeb
ebebeb
f6f6f6
fbfbfb
fafafa
fafafa
eeeeee
ebebeb
ebebeb
ececec
f8f8f8
fafafa
fafafa
f9f9f9
ececec
ebebeb
ebebeb
ededed
fafafa
fafafa
fbfbfb
f7f7f7
ebebeb
ebebeb
eaeaea
efefef
fbfbfb
fafafa
fbfbfb
f5f5f5
eaeaea
ececec
eaeaea
f2f2f2
fbfbfb
fafafa
fbfbfb
f3f3f3
eaeaea
ececec
eaeaea
f4f4f4
fbfbfb
fafafa
fbfbfb
f0f0f0
eaeaea
ebebeb
ebebeb
f6f6f6
fbfbfb
fafafa
fafafa
eeeeee
ebebeb
ebebeb
ebebeb
f8f8f8
fbfbfb
fafafa
f9f9f9
ececec
ebebeb
ebebeb
ededed
fafafa
fafafa
fbfbfb
f8f8f7
ebeded
ebe2e1
e9d6d2
efc4c3
fe372e
fb4b43
fae7e6
f6fafa
eae9e9
ececec
eaeaea
f1f1f1
fbfbfb
fafafa
fbfbfb
f3f3f3
eaeaea
ececec
eaeaea
f4f4f4
fbfbfb
fafafa
fbfbfb
f1f1f1
eaeaea
ececec
eaeaea
f6f6f6
fbfbfb
fafafa
fbfbfb
efefef
eaeaea
ebebeb
ebebeb
f8f8f8
fbfbfb
fafafa
fafafa
ededed
ebebeb
ebebeb
ededed
f9f9f9
fafafa
fbfbfb
f8f8f8
ebebeb
ebebeb
eaeaea
eeeeee
fafafa
fafafa
fbfbfb
f6f6f6
eaeaea
ebebeb
eaeaea
f0f0f0
fbfbfb
fafafa
fbfbfb
f4f4f4
eaeaea
ececec
eaeaea
f3f3f3
fbfbfb
fafafa
fbfbfb
f1f1f1
eaeaea
ececec
eaeaea
f5f5f5
fbfbfb
fafafa
fbfbfb
efefef
eaeaea
ebebeb
ebebeb
f8f8f8
fbfbfb
ffffff
fbfbfb
e3e3e3
e4e4e4
e2e2e2
ededed
ffffff
ffffff
ffffff
f6f6f6
e2e2e2
e5e5e5
e2e2e2
f1f1f1
ffffff
ffffff
ffffff
f2f2f2
e2e2e2
e5e5e5
e2e2e2
f6f6f6
ffffff
ffffff
ffffff
eaecec
dfe1e1
e4e4e4
e3e3e3
fafafa
ffffff
ffffff
ffffff
e9e9e9
e3e3e3
e4e4e4
e5e5e5
fefefe
ffffff
ffffff
ffffff
e6e6e6
e3e3e3
e3e3e3
e8e8e8
ffffff
ffffff
ffffff
fcfcfc
e3e3e3
e4e4e4
e2e2e2
ececec
ffffff
ffffff
ffffff
f7f7f7
e2e2e2
e5e5e5
e2e2e2
f0f0f0
ffffff
ffffff
ffffff
f3f3f3
e2e2e2
e5e5e5
e2e2e2
f5f5f5
ffffff
ffffff
ffffff
eeeeee
e2e2e2
e4e4e4
e2e2e2
fafafa
ffffff
ffffff
ffffff
eaeaea
e3e3e3
e4e4e4
e4e4e4
fdfdfd
ffffff
ffffff
ffffff
e6e6e6
e3e3e3
e3e3e3
e7e7e7
ffffff
ffffff
ffffff
fcfcfc
e4e5e5
e4dddc
e3c1bd
eaf2f3
ffe7e7
feeceb
ffffff
f8f7f7
e2e2e2
e5e5e5
e2e2e2
efefef
ffffff
ffffff
ffffff
f4f4f4
e2e2e2
e5e5e5
e2e2e2
f4f4f4
ffffff
ffffff
ffffff
efefef
e2e2e2
e4e4e4
e2e2e2
f9f9f9
ffffff
ffffff
ffffff
eaeaea
e2e2e2
e4e4e4
e4e4e4
fdfdfd
ffffff
ffffff
ffffff
e7e7e7
e3e3e3
e3e3e3
e6e6e6
ffffff
ffffff
ffffff
fdfdfd
e4e4e4
e4e4e4
e2e2e2
eaeaea
ffffff
ffffff
ffffff
f9f9f9
e2e2e2
e4e4e4
e2e2e2
eeeeee
ffffff
ffffff
ffffff
f5f5f5
e2e2e2
e5e5e5
e2e2e2
f3f3f3
ffffff
ffffff
ffffff
f0f0f0
e2e2e2
e5e5e5
e2e2e2
f8f8f8
ffffff
ffffff
ffffff
ebebeb
e2e2e2
e4e4e4
e3e3e3
fcfcfc
ffffff
fafafa
f6f6f6
ebebeb
ececec
ebebeb
f0f0f0
fafafa
f9f9f9
fafafa
f4f4f4
ebebeb
ececec
ebebeb
f2f2f2
fafafa
f9f9f9
fafafa
f2f2f2
ebebeb
ececec
ebebeb
f4f4f4
fafafa
f8f8f9
fffdfc
fcf5f3
f9f1ef
f0eeed
ebebeb
f6f6f6
fafafa
f9f9f9
f9f9f9
eeeeee
ececec
ececec
ececec
f8f8f8
f9f9f9
f9f9f9
f8f8f8
ededed
ececec
ececec
eeeeee
f9f9f9
f9f9f9
fafafa
f6f6f6
ececec
ececec
ebebeb
f0f0f0
fafafa
f9f9f9
fafafa
f5f5f5
ebebeb
ececec
ebebea
f2f2f1
fafafa
f9f9f9
fafafa
f2f2f2
ebebeb
ececec
ebebeb
f4f4f4
fafafa
f9f9f9
fafafa
f0f0f0
ebebeb
ececec
ebebeb
f6f6f6
fafafa
faf9f4
faf9f7
eeeeef
ebebeb
ececec
ececec
f8f8f7
f9f9f9
f9f9f9
f8f8f8
ededed
ececec
ececec
ededed
f9f9f9
f9f9f9
faf9f9
f7f8f8
ecefef
ece5e4
e9c7c2
f0fbfd
f9c9c4
f8cfca
faffff
f5f3f3
ebebeb
ececec
ebebeb
f1f1f1
fafafa
f9f9f9
fafafa
f3f3f3
ebebeb
ececec
ebebeb
f4f4f4
fafafa
f9f9f9
fafafa
f1f1f1
ebebeb
ececec
ebebeb
f6f6f6
fafafa
f9f9f9
f9f9f9
efefef
ebebeb
ececec
ececec
f7f7f7
f9f9f9
f9f9f9
f9f9f9
ededed
ececec
ececec
ededed
f9f9f9
f9f9f9
fafafa
f7f7f7
ececec
ececec
ebebeb
efefef
f9f9f9
f9f9f9
fafafa
f5f5f5
ebebeb
ececec
ebebeb
f1f1f1
fafafa
f9f9f9
fafafa
f3f3f3
ebebeb
ececec
ebebeb
f3f3f3
fafafa
f9f9f9
fafafa
f1f1f1
ebebeb
ececec
ebebeb
f5f5f5
fafafa
f9f9f9
fafafa
efefef
ebebeb
ececec
ececec
f7f7f7
fafafa
e4e4e4
ebebeb
ffffff
ffffff
ffffff
f9f9f9
e4e4e4
e6e6e6
e4e4e4
efefef
ffffff
ffffff
ffffff
f5f5f5
e4e4e4
e6e6e6
e4e4e4
f3f3f3
ffffff
ffffff
ffffff
f1f1f1
e2e3e3
ece8e7
bad5db
62b9d0
80c7db
f2f9fb
ffffff
ececec
e4e4e4
e6e6e6
e5e5e5
fafafa
ffffff
ffffff
ffffff
e9e9e9
e5e5e5
e5e5e5
e7e7e7
fdfdfd
ffffff
ffffff
fdfdfd
e6e6e6
e6e6e6
e5e5e5
eaeaea
ffffff
ffffff
ffffff
f9f9f9
e5e5e5
e6e6e6
e4e4e4
eeeeee
ffffff
fffffe
ffffff
f6f6fa
e4e3e3
e6e6e6
e4e4e4
f2f2f2
ffffff
ffffff
ffffff
f1f1f1
e4e4e4
e6e6e6
e4e4e4
f6f6f6
ffffff
ffffff
ffffff
ededed
e4e4e4
e7e6e1
e5e5e3
fafafa
ffffff
ffffff
ffffff
e9eaec
e5e5e5
e6e6e5
e7e7e7
fdfdfd
ffffff
ffffff
fdfdfd
e7e7e7
e5e5e5
e5e5e6
eae6e4
fffdfd
fef8f7
fad6d0
faffff
eca6a1
eba7a0
e3edee
edebeb
ffffff
ffffff
ffffff
f6f6f6
e4e4e4
e6e6e6
e4e4e4
f1f1f1
ffffff
ffffff
ffffff
f2f2f2
e4e4e4
e6e6e6
e4e4e4
f5f5f5
ffffff
ffffff
ffffff
eeeeee
e4e4e4
e6e6e6
e5e5e5
f9f9f9
ffffff
ffffff
ffffff
eaeaea
e5e5e5
e6e6e6
e6e6e6
fcfcfc
ffffff
ffffff
fefefe
e7e7e7
e5e5e5
e5e5e5
e9e9e9
ffffff
ffffff
ffffff
fbfbfb
e5e5e5
e6e6e6
e4e4e4
ececec
ffffff
ffffff
ffffff
f7f7f7
e4e4e4
e6e6e6
e4e4e4
f0f0f0
ffffff
ffffff
ffffff
f3f3f3
e4e4e4
e6e6e6
e4e4e4
f4f4f4
ffffff
ffffff
ffffff
efefef
e4e4e4
e6e6e6
e4e4e4
f8f8f8
ffffff
ffffff
ffffff
ebebeb
e4e4e4
e3e3e3
eaeaea
ffffff
ffffff
ffffff
f9f9f9
e3e3e3
e5e5e5
e3e3e3
eeeeee
ffffff
ffffff
ffffff
f5f5f5
e3e3e3
e5e5e5
e2e2e2
f3f3f3
ffffff
ffffff
ffffff
f0f0f0
dfe1e2
f3eae8
67b7ca
0092b8
0a99bb
d0ecf2
ffffff
eaebeb
e3e3e3
e5e5e5
e4e4e4
fbfbfb
ffffff
ffffff
ffffff
e8e8e8
e4e4e4
e4e4e4
e6e6e6
fefefe
ffffff
ffffff
fefefe
e5e5e5
e4e4e4
e3e3e3
e9e9e9
ffffff
ffffff
ffffff
fafafa
e4e4e4
e5e5e5
e3e3e3
ededed
ffffff
ffffff
ffffff
f5f3e5
e4e4e8
e5e5e5
e2e2e2
f2f2f2
ffffff
ffffff
ffffff
f1f1f1
e2e2e2
e5e5e5
e3e3e3
f6f6f6
ffffff
ffffff
ffffff
ededec
e3e3e4
e7e7e9
e4e5e8
fafafb
ffffff
ffffff
ffffff
eae9e1
e4e4e1
e4e4e5
e6e6e5
fefefe
ffffff
ffffff
fefefe
e6e6e6
e4e3e3
e3e9ea
ebccc2
ffe7df
fffefe
fbd4ce
faffff
ec9d96
ec9c92
e2ecee
edebeb
ffffff
ffffff
ffffff
f7f7f7
e3e3e3
e5e5e5
e2e2e2
f1f1f1
ffffff
ffffff
ffffff
f2f2f2
e2e2e2
e5e5e5
e3e3e3
f6f6f6
ffffff
ffffff
ffffff
eeeeee
e3e3e3
e5e5e5
e3e3e3
fafafa
ffffff
ffffff
ffffff
eaeaea
e3e3e3
e5e5e5
e5e5e5
fdfdfd
ffffff
ffffff
ffffff
e6e6e6
e4e4e4
e4e4e4
e8e8e8
ffffff
ffffff
ffffff
fbfbfb
e4e4e4
e5e5e5
e3e3e3
ebebeb
ffffff
ffffff
ffffff
f7f6f7
e3e2e3
e5e5e5
e3e3e3
f0f0f0
ffffff
ffffff
ffffff
f3f3f3
e2e2e2
e5e5e5
e2e2e2
f4f4f4
ffffff
ffffff
ffffff
efefef
e3e3e3
e5e5e5
e3e3e3
f9f9f9
ffffff
ffffff
ffffff
eaeaea
e3e3e3
f5f5f5
f4f4f4
f0f0f0
f0f0f0
f0f0f0
f1f1f1
f6f6f6
f5f5f5
f6f6f6
f4f4f4
f0f0f0
f0f0f0
f0f0f0
f2f2f2
f6f6f6
f5f5f5
f6f6f6
f3f3f3
f0f0f0
f0f0f0
f0f0f0
f3f3f3
f5f5f5
f8f6f6
e8f1f3
9dd0da
b6d7de
f4f2f1
eff0f0
f4f4f4
f6f6f6
f5f5f5
f5f5f5
f1f1f1
f0f0f0
f0f0f0
f0f0f0
f5f5f5
f5f5f5
f5f5f5
f5f5f5
f0f0f0
f0f0f0
f0f0f0
f1f1f1
f5f5f5
f5f5f5
f5f5f5
f4f4f4
f0f0f0
f0f0f0
f0f0f0
f1f1f1
f5f5f5
f5f5f5
f6f6f6
f4f4f3
f0f0f2
f1f0ea
fae763
fae13a
f3ea9f
f5f6fe
f6f5f4
f3f3f3
f0f0f0
f0f0f0
f0f0f0
f3f3f3
f6f6f6
f5f5f6
f6f6f5
f2f2f2
f0f0f0
f0f0f0
f0f0ef
f4f4f5
f5f4f0
f4eabd
f5f1df
f1f1f1
f0f0f0
f0f0ef
f0f0f3
f8f3cd
f6f5e6
f5f5f9
f5f4f4
f1f0f0
f0f0f0
f0f0f0
f1f1f1
f5f5f5
f5f5f5
f5f5f5
f4f6f6
f0f3f4
f0e8e7
ecc5bf
f2f6f7
f4f2f2
f4f3f3
f6f7f7
f4f4f4
f0f0f0
f0f0f0
f0f0f0
f2f2f2
f6f6f6
f5f5f5
f6f6f6
f3f3f3
f0f0f0
f0f0f0
f0f0f0
f3f3f3
f6f6f6
f5f4f4
f6f4f4
f2f2f2
f0f0f0
f0efef
f0eeee
f4f4f4
f6f6f6
f5f5f5
f6f6f6
f1f1f1
f0f0f0
f0f0f0
f0f0f0
f4f4f4
f5f5f5
f5f5f5
f5f5f5
f1f1f1
f0f0f0
f0f0f0
f0f0f0
f5f5f5
f5f5f5
f5f5f5
f5f5f5
f0f0f0
f0f0f0
f0f0f0
f1f1f1
f5f5f5
f5f5f5
f6f6f6
f4f4f4
f0f0f0
f0f0f0
f0f0f0
eeecee
f4f4f4
f5f6f5
f6f6f6
f3f3f3
f0f0f0
f0f0f0
f0f0f0
f3f3f3
f6f6f6
f5f5f5
f6f6f6
f2f2f2
f0f0f0
f0f0f0
f0f0f0
f3f3f3
f6f6f6
f5f5f5
f6f6f6
f2f2f2
f0f0f0
f0f0f0
f0f0f0
f4f4f4
f6f6f6
ffffff
fcfcfc
e3e3e3
e4e4e4
e2e2e2
ececec
ffffff
ffffff
ffffff
f7f7f7
e2e2e2
e5e5e5
e2e2e2
f0f0f0
ffffff
ffffff
ffffff
f3f3f3
e2e2e2
e5e5e5
e2e2e2
f5f5f5
ffffff
ffffff
ffffff
fbf3f1
ece7e5
e5e5e5
e3e3e3
fafafa
ffffff
ffffff
ffffff
eaeaea
e3e3e3
e4e4e4
e4e4e4
fdfdfd
ffffff
ffffff
ffffff
e6e6e6
e3e3e3
e3e3e3
e7e7e7
ffffff
ffffff
ffffff
fcfcfc
e4e4e4
e4e4e4
e2e2e2
ebebeb
ffffff
ffffff
ffffff
f8f8f8
e2e2e2
e4e4e1
f0e280
f7e458
fdf7bc
ffffff
ffffff
f3f3f3
e2e2e2
e5e5e5
e2e2e2
f4f4f5
ffffff
fffffa
ffffff
efefef
e2e2e2
e5e5e5
e2e2e2
f9f9fa
ffffff
feefa5
fff6bc
eaeae9
e3e3e3
e4e4e3
e4e5e7
fbf7e9
fffffc
ffffff
ffffff
e7ebeb
e3e3e3
e3e3e3
e7e7e7
ffffff
ffffff
ffffff
fdfcfc
e4e6e6
e4dbda
e2b9b4
eae3e3
ff5e52
fc6a5e
fffefe
f9fbfb
e2e2e2
e5e5e5
e2e2e2
eeeeee
ffffff
ffffff
ffffff
f4f4f4
e2e2e2
e5e5e5
e2e2e2
f3f3f3
ffffff
ffffff
ffffff
f0f0f0
e2e1e1
e5eded
e2eaea
f8f6f6
ffffff
ffffff
ffffff
ebebeb
e2e2e2
e4e4e4
e4e4e4
fcfcfc
ffffff
ffffff
ffffff
e7e7e7
e3e3e3
e4e4e4
e6e6e6
ffffff
ffffff
ffffff
fefefe
e5e5e5
e4e4e4
e3e3e3
e9e9e9
ffffff
ffffff
ffffff
fafafa
e3e3e3
e5e5e5
e2e2e2
efefef
ffffff
ffffff
ffffff
f4f3f5
e2e1e2
e5e5e5
e2e2e2
f2f2f2
ffffff
ffffff
ffffff
f1f1f1
e2e2e2
e5e5e5
e2e2e2
f7f7f7
ffffff
ffffff
ffffff
ececec
e2e2e2
e4e4e4
e3e3e3
fbfbfb
ffffff
fefefe
f9f9f9
e8e8e8
e8e8e8
e7e7e7
eeeeee
fefefe
fdfdfd
fefefe
f6f6f6
e7e7e7
e9e9e9
e6e6e6
f1f1f1
ffffff
fcfcfc
ffffff
f3f3f3
e6e6e6
e9e9e9
e7e7e7
f4f4f4
fefeff
fcfcfc
ffffff
a6d7dc
cadee0
eeeaea
e6e7e7
f8f8f8
fefefe
fdfdfd
fdfdfd
ececec
e7e7e7
e8e8e8
e8e8e8
fafafa
fefefe
fdfdfd
fcfcfc
eaeaea
e8e8e8
e8e8e8
eaeaea
fcfcfc
fdfdfd
fefefe
fafafa
e8e8e8
e8e8e8
e7e7e7
ededed
fefefe
fdfdfd
fefefe
f7f7f7
e7e7e7
e8e9ea
e5e7ef
eff2ff
feffff
fcfcfb
ffffff
f3f3f3
e6e6e6
e9e9e9
e6e6e6
f4f4f7
fdfcf0
faf6d2
ffffff
f0efee
e7e6e5
e9e9e9
e7e7e7
f7f7f6
feffff
fbf8eb
fcfae5
ededed
e7e7e7
e8e8e7
e8e8e8
faf5e4
fefcf6
fdffff
fdedeb
eadbd9
e8e9e9
e8e7e7
eaeaea
fcfcfc
fdfdfd
fefefe
faf9f9
e8eaea
e8dfdd
e6b7b0
edf3f4
fdcac6
fccbc6
feffff
f7f7f7
e7e7e7
e8e8e8
e7e7e7
f0f0f0
fefefe
fdfcfc
ffffff
f4f4f4
e6e6e6
e9e9e9
e6e6e6
f3f3f2
ffffff
fdd8d6
ffd8d5
f1f0f0
e6eded
e9c0bf
e7c2c2
f6fcfc
fefdfd
fdfdfd
fefefe
ededed
e7e7e7
e8e8e8
e8e8e8
f9f9f9
fefefe
fdfdfd
fdfdfd
ebebeb
e7e7e7
e8e8e8
eaeaea
fcfcfc
fdfdfd
fefefe
fbfbfb
e8e8e8
e8e8e8
e7e7e7
ececec
fdfdfd
fdfdfd
fefefe
f8f8f8
e7e7e7
e8e8e8
e7e7e7
eceaed
fdfbfd
fffffe
ffffff
fbfff8
e8e9e8
e8e8e8
e6e7e6
f2f2f2
ffffff
fcfcfc
ffffff
f1f1f1
e6e6e6
e9e9e9
e7e7e7
f6f6f6
fefefe
fdfdfd
fefefe
eeeeee
e7e7e7
e8e8e8
e7e7e7
f9f9f9
fefefe
e7e7e7
ececec
fdfdfd
fcfcfc
fefefe
f7f7f7
e7e7e7
e9e9e9
e7e7e7
efefef
fefefe
fcfcfc
fefefe
f4f4f4
e7e7e7
e9e9e9
e7e7e7
f2f3f3
fefefe
fcfcfc
fcfefe
f1f1f1
e7e7e7
e9e9e9
e6e6e7
f0f4f4
fcfdfd
fdfcfc
fefefe
eeeeee
e7e7e7
e9e9e9
e8e8e8
f9f9f9
fefefe
fdfdfd
fdfdfd
ebebeb
e8e8e8
e8e8e8
e9e9e9
fbfbfb
fdfdfd
fdfdfd
fbfbfb
e9e9e9
e8e8e8
e7e7e7
ececec
fdfdfd
fdfdfd
fefefe
f8f8f8
e8e8e8
e9e9e9
e7e7e7
efefee
fdfbec
fcfcfa
fdfeff
f9efaa
ebe7c5
e8e9ef
e7e7e6
f2f2f2
fefefe
fcfcfc
fefefd
f1f2f9
ece6bc
efe8b7
e6e7ee
f6f6fa
feffff
fcfcfb
fefefd
eeeef2
e7e7e8
eee7cc
ece8cf
f8f8f8
fefefd
fdfdff
fdfeff
eeead8
e8e6e6
e8f1f3
ee9d91
faa99c
fdffff
fdfcfb
fbfbfb
e9e9e9
e8e8e8
e8e7e7
ebecec
fdffff
fcf2f1
f7c2ba
f8ffff
edc7c2
efbbb3
e6eff0
eeecec
feffff
fcfefe
fefefe
f6f5f5
e7e8e8
e8ebeb
e7e7e6
f1f1f1
fefefe
fcfcfc
fefefe
f2f2f2
e6eaea
ee8984
ed7973
f5eeee
ffffff
f9b8b5
fcc2c0
eff9fa
e7e5e5
e9e9e9
e7e7e7
f8f8f8
fefefe
fdfdfd
fdfdfd
ececec
e7e7e7
e8e8e8
e9e9e9
fafafa
fdfdfd
fdfdfd
fbfbfb
eaeaea
e8e8e8
e8e8e8
ebebeb
fcfcfc
fdfdfd
fefefe
f9f9f9
e8e8e8
e8e8e8
e7e7e7
ededed
fefefe
fcfbfc
ffffff
e1d3e7
ded7e1
e4e0e6
bb9bd1
c6a8d8
f9f6fa
fdfefd
fefefe
f3f3f3
e7e7e7
e9e9e9
e7e7e7
f4f4f4
fefefe
fcfcfc
fefefe
f0f0f0
e7e7e7
e9e9e9
e7e7e7
f7f7f7
fefefe
fcfcfc
fdfdfd
ededed
e7e7e7
e2e2e2
eaeaea
ffffff
ffffff
ffffff
f9f9f9
e3e3e3
e5e5e5
e2e2e2
eeeeee
ffffff
ffffff
ffffff
f5f5f5
e2e2e2
e5e5e5
e2e2e2
f3f3f3
ffffff
ffffff
ffffff
f1f0f0
e2e2e2
e3e4e4
e8e5e4
fffbf9
ffffff
ffffff
ffffff
ececec
e2e2e2
e4e4e4
e3e3e3
fbfbfb
ffffff
ffffff
ffffff
e8e8e8
e3e3e3
e4e4e4
e6e6e6
ffffff
ffffff
ffffff
fefefe
e5e5e5
e4e4e4
e3e3e3
e9e9e9
ffffff
ffffff
ffffff
fafafa
e3e3e3
e4e4e4
e2e2e2
ededec
fffee6
ffffff
ffffff
f9f2c2
e5e2c9
e4e5ea
e2e2e1
f2f2f2
ffffff
ffffff
ffffff
f1f1f4
e4e2cd
e8e4ca
e2e3ea
f6f1d9
fffddf
ffffff
ffffff
f0ecd8
e4e2d8
ece5c9
e8e4c9
fbfbf9
ffffff
fffffc
fef086
f9e345
ebe3ae
e2e5ee
e6e1db
fffbf7
ffffff
ffffff
fefefe
e5e5e5
e4e4e3
e3e4e4
e9e6e5
fff4f3
fff4f2
fac1b9
fbffff
e9b8b3
ebb1aa
e1e9e9
edecec
fffefe
fffafa
ffffff
f6fbfb
e4d0cf
e9b8b5
e1e7e8
f1f0f0
ffffff
ffffff
ffffff
f2f2f2
e2e3e3
e5ffff
e1ffff
f5ffff
ffffff
ffffff
ffffff
eeeeee
e2e2e2
e4e4e4
e3e3e3
fafafa
ffffff
ffffff
ffffff
e9e9e9
e3e3e3
e4e4e4
e5e5e5
fefefe
ffffff
ffffff
ffffff
e6e6e6
e4e4e4
e3e3e3
e7e7e7
ffffff
ffffff
ffffff
fcfcfc
e4e4e4
e4e4e4
e2e2e2
ebebeb
ffffff
ffffff
ffffff
f8f8f8
e8ece6
c8b5d3
833bb1
8d45b7
e9dbf0
ffffff
ffffff
f3f3f3
e2e2e2
e5e5e5
e2e2e2
f5f5f5
ffffff
ffffff
ffffff
eeeeee
e2e2e2
e5e5e5
e3e3e3
f9f9f9
ffffff
ffffff
ffffff
eaeaea
e2e2e2
efefef
f0f0f0
f6f6f6
f6f6f6
f6f6f6
f5f5f5
efefef
f0f0f0
efefef
f1f1f1
f6f6f6
f6f6f6
f6f6f6
f4f4f4
efefef
f0f0f0
efefef
f2f2f2
f9f7f7
eaf2f2
a8dde3
f0f2f2
eeeeef
f6f3f2
dae5e7
bedce4
ebf2f3
f9f7f6
f5f6f6
f2f2f2
efefef
f0f0f0
efefef
f4f4f4
f6f6f6
f6f6f6
f6f6f6
f1f1f1
efefef
efefef
f0f0f0
f5f5f5
f6f6f6
f6f6f6
f6f6f6
f0f0f0
efefef
efefef
f0f0f0
f6f6f5
f6f6f5
f6f6f6
f5f5f5
efefef
f0f0f0
efefef
f1f1f1
f6f4e7
f6f5f5
f6f6f5
f4f4f8
efeeec
f0f0f0
efefef
f2f2f2
f6f6f6
f6f6f6
f6f6f5
f3f4f7
eeeff7
eff0f8
eff0f7
f2ecc1
f5edb9
f6f7fd
f6f6f8
f4f1df
f0eee4
f3ecc9
f2ebc9
f4f4f2
f6f6f6
f5f5f8
f5eaa2
f9e56e
f2eed4
eff1f7
f0e8e1
f5ede8
f6f7f9
f6f5f5
f6f6f6
f0f0f0
efeded
effafb
f39185
fa341c
f3b5af
efbdb7
f5ffff
f3b8b1
f3a69c
eff8f9
f2f6f6
f2d3d1
f2bfba
f7fcfd
f4f6f7
efe0de
eec9c5
eff3f4
f2f1f1
f6f6f6
f6f6f6
f6f6f6
f3f4f4
eeecec
ee978f
f07266
f4bab4
f6fdfe
f5ebea
f6edeb
f2f4f4
efefef
f0f0f0
efefef
f4f4f4
f6f6f6
f6f6f6
f6f6f6
f1f1f1
efefef
f0f0f0
efefef
f5f5f5
f6f6f6
f6f6f6
f6f6f6
f0f0f0
efefef
efefef
f0f0f0
f5f5f5
f6f6f6
f6f6f6
f5f5f5
f0f0f0
efefef
efefef
efeff0
f5f5f6
f6f6f6
f6f6f6
f4f4f4
efefef
f1f3f0
ddd1e5
ddcee6
f8f9f7
f5f5f5
f6f6f6
f3f3f3
efefef
f0f0f0
efefef
f3f3f3
f6f6f6
f6f6f6
f6f6f6
f2f2f2
efefef
f0f0f0
efefef
f4f4f4
f6f6f6
f6f6f6
f6f6f6
f1f1f1
efefef
ffffff
fafafa
e3e3e3
e5e5e5
e3e3e3
ededed
ffffff
ffffff
ffffff
f5f5f5
e3e3e3
e5e5e5
e3e3e3
f2f2f2
ffffff
ffffff
ffffff
f1f1f1
e4e3e3
e1e4e4
c3d9dc
f3f5f6
ffffff
d5ebf0
1e92b6
088ab3
3c9ebc
e1e3e3
e5e4e4
fafafb
ffffff
ffffff
ffffff
e9e9e9
e4e4e4
e4e4e4
e6e6e6
fefefe
ffffff
ffffff
fefefe
e6e6e6
e4e4e4
e4e4e4
e9e9e9
ffffff
ffffff
ffffff
fbfaf8
e4e4e6
e5e5ea
e3e3e5
ededec
ffffff
ffffff
ffffff
f6f6f7
e3e2d8
e5e5e5
e2e3ee
f0f1f8
fffffe
ffffff
ffffff
f2f2f0
e2e2e1
e5e5e5
e3e3e6
f5f3e7
fff48e
fffacf
ffffff
f0efe5
e6e4de
e5e5e7
e4e4e5
f9f7f0
fffffa
fdf5cd
fef7d0
eae9e7
e3e4e5
e6e5db
ede5c0
fbecb1
fffffd
ffffff
fef7f1
e7e0db
e4e6e7
e4e4e3
e8e8e8
ffffff
ffffff
ffffff
fbe9e7
e9b8b0
e6d7d6
e49e99
edfcfe
febbb2
faab9e
ffffff
f7f5f4
e3e5e5
e6e8e8
e3e2e1
f1f5f6
ffeeeb
fccac5
ffffff
f3f2f2
e3e3e3
e5e5e5
e3e2e2
f5f6f6
fffdfd
fb8277
fd5442
f0968b
e2f3f5
ef8b85
eaa49e
f8ffff
ffffff
ffffff
ffffff
eaeaea
e3e3e3
e5e5e5
e5e5e5
fdfdfd
ffffff
ffffff
ffffff
e7e7e7
e4e4e4
e4e4e4
e8e8e8
ffffff
ffffff
ffffff
fcfcfc
e5e5e5
e5e5e5
e3e3e3
ebebeb
ffffff
ffffff
ffffff
fefffb
e6e8e5
e5e4e5
e3e3e3
f0f0f0
ffffff
ffffff
faf4fd
e0d2e8
e6e8e4
e5e4e5
e3e3e3
f4f4f4
ffffff
ffffff
ffffff
efefef
e3e3e3
e5e5e5
e3e3e3
f8f8f8
ffffff
ffffff
ffffff
ebebeb
e3e3e3
e5e5e5
e4e4e4
fcfcfc
ffffff
ffffff
f9f9f9
e4e4e4
e6e6e6
e4e4e4
eeeeee
ffffff
ffffff
ffffff
f5f5f5
e4e4e4
e6e6e6
e4e4e4
f2f2f2
ffffff
ffffff
ffffff
f1f1f1
e5e4e4
e0e4e4
9fced2
f2f5f6
ffffff
e5f2f5
5db2ca
3ba1bf
82bbcb
e9e7e6
e4e5e5
fafafa
ffffff
ffffff
ffffff
e9e9e9
e5e5e5
e5e5e5
e7e7e7
fdfdfd
ffffff
ffffff
fdfdfd
e7e7e7
e5e5e5
e5e5e5
eaeaea
ffffff
ffffff
ffffff
f9faff
e6e5db
e8e6d0
e5e4dd
ededef
ffffff
ffffff
ffffff
f6f6f4
e9e2b5
e6e6e4
eae3a8
f6e667
fdf8cd
ffffff
ffffff
f2f3ff
e4e5ef
e6e6e5
e4e5ea
f5f1d5
ffec5c
fdf5b1
ffffff
f1eddc
e7e4d4
e5e6e9
e5e5e7
f9f5ea
fffdf4
fdf3c2
fdf5ca
eae9e5
e4e5ed
ece5af
f3e37d
fbeaa4
fffef7
ffffff
fdf5ef
e7e0da
e5e7e8
e5e4e4
e9e9e9
ffffff
ffffff
ffffff
fcf0ee
eabcb5
e6dada
e6938f
edf7f8
fee0de
fbd4d0
ffffff
f7f5f5
e4e5e5
e6e6e6
e4e3e3
f1f4f5
fff2f0
fadcd9
ffffff
f3f1f1
e4e4e4
e6e6e6
e4e4e4
f5f4f4
ffffff
ffffff
ffffff
eef9fa
e3e7e8
f09894
eaafab
f7ffff
ffffff
ffffff
ffffff
ebebeb
e4e4e4
e6e6e6
e6e6e6
fcfcfc
ffffff
ffffff
fefefe
e8e8e8
e5e5e5
e5e5e5
e8e8e8
ffffff
ffffff
ffffff
fbfbfb
e5e5e5
e6e6e6
e4e4e4
ececec
ffffff
fffeff
ffffff
dbd0e8
d5cfdd
e9eae7
e3e3e3
f0f0f0
ffffff
ffffff
ffffff
f2f2f3
e4e4e4
e6e6e6
e4e4e4
f4f4f4
ffffff
ffffff
ffffff
efefef
e4e4e4
e6e6e6
e4e4e4
f8f8f8
ffffff
ffffff
ffffff
ececec
e4e4e4
e6e6e6
e5e5e5
fbfbfb
ffffff
ececec
efefef
f9f9f9
f9f9f9
f9f9f9
f5f5f5
ececec
ededed
ececec
f1f1f1
fafafa
f8f8f8
fafafa
f3f3f3
ececec
ededed
ebebeb
f3f3f3
fbfafa
f5f7f7
c2e7e9
edf0f0
ecebeb
f1efee
fff7f3
f1f2f1
f9f8f7
fdfbfa
f8f9f9
f0f0f0
ececec
ededed
ececec
f7f7f7
f9f9f9
f9f9f9
f9f9f9
eeeeee
ececec
ececec
ededed
f8f8f8
f9f9f8
f9f9f9
f7f7f7
ededec
ececee
efebd1
f3edc4
faf7dc
fcf9d4
faf9e9
f6f6f9
ececeb
ededec
ececec
f0f1f4
fef4ac
f9f9f4
f8ea7b
f9dd08
f0e688
ecedfa
ecece7
f3ebb3
f8f1c2
f8f9fa
fafafb
f1f3ff
f5eca5
f1eecf
ebecf7
f4f1dd
f9f6e4
f9f9fc
f9fafe
f3eedf
eeeadb
f3e8b0
f0e7b8
f6f6f3
f9f9f8
f8faff
f7eecf
f6df90
edebe6
eceef1
ede5de
f8f0ea
f9fbfc
f9f9f8
f8f8f8
ededed
eceaea
ecf6f7
f0b2ac
f95745
f7d8d6
f39a97
f6ffff
edb1ae
ef9590
ebf5f5
f0f1f1
f9eded
f8f0ef
fafafa
f3fbfb
f0c9c6
f79289
ebeeee
f2f2f2
faf9f9
f8f8f8
fafafa
f2f2f3
ecebeb
eceeee
eaf0f1
f4f5f5
faf6f7
fb5c56
f88f8a
f0fbfb
eceae9
ededed
ececec
f6f6f6
f9f9f9
f9f9f9
f9f9f9
efefef
ececec
ececec
ededed
f7f7f7
f9f9f9
f9f9f9
f8f8f8
ededed
ececec
ececec
eeeeee
f9f9f9
f9f9f9
f9f9f9
f6f6f6
ececec
ececec
f0f1ed
c2b1d7
dfd6ed
fdfffb
f9f8f9
f5f5f5
ebeaeb
f1f4ef
d7c8e2
d1bae2
fefffc
f8f7f8
fafafa
f3f3f3
ebebeb
ededed
ececec
f4f4f4
fafafa
f8f8f8
fafafa
f1f1f1
ececec
ededed
ececec
f5f5f5
f9f9f9
f9f9f9
f9f9f9
efefef
ececec
e2e2e2
eaeaea
ffffff
ffffff
ffffff
f9f9f9
e2e2e2
e4e4e4
e2e2e2
efefef
ffffff
ffffff
ffffff
f4f4f4
e2e2e2
e5e5e5
e2e2e2
f0f3f3
ffffff
99dee0
00b1ba
95d4d7
f3e7e7
e3e4e4
acced6
6cbbcd
bae0e9
ffffff
ffffff
ebebeb
e2e2e2
e4e4e4
e4e4e4
fcfcfc
ffffff
ffffff
ffffff
e7e7e7
e3e3e3
e3e3e3
e6e6e6
ffffff
ffffff
ffffff
fdfdfd
e4e4e3
e3e4ea
f0e07e
fadf2a
fff188
ffffff
ffffff
faf9f9
e2e2e2
e4e4e3
e2e3ea
f1e890
fff8a8
ffffff
ffffff
f5f4e2
e6e3c9
e4e4ea
e4e3dd
f5e46a
fff393
ffffff
fffff2
efefe2
e6e2ca
e7e4cf
e2e3ec
f6f1dc
fffde8
ffffff
fffffe
efebd9
e6e2d2
f0e2a2
eae0af
fcfbf9
ffffff
ffffff
fef1cc
f7e195
e4e3df
e3e5e8
e6ddd6
fff6f0
ffffff
ffffff
fefefe
e5e5e5
e4e4e4
e3e3e3
e8e8e8
fceeea
fff3f2
f9918c
faffff
e99191
e98989
e3dfde
ede9e9
ffd3d0
ffe6e4
ffffff
f5fbfb
e5c8c5
ec9f97
e1e5e5
f2f1f1
ffffff
ffffff
ffffff
f1f0f0
e1e9ea
ebb3ad
ee6c5d
f7e5e4
ffffff
fdedeb
fff4f1
edf0f1
e2e1e1
e4e4e4
e3e3e3
fbfbfb
ffffff
ffffff
ffffff
e8e8e8
e3e3e3
e4e4e4
e5e5e5
fefefe
ffffff
ffffff
ffffff
e5e5e5
e4e4e4
e3e3e3
e8e8e8
ffffff
ffffff
ffffff
fbfbfb
e3e3e3
e4e4e4
e2e2e3
eeefec
ffffff
ffffff
ffffff
f5f5f6
e2e1e2
e5e5e5
e0e0e1
f0eff0
ffffff
ffffff
ffffff
f2f2f2
e1e1e1
e4e4e5
e2e2e2
f6f6f6
ffffff
ffffff
ffffff
ededed
e2e2e2
e4e4e4
e3e3e3
fafafa
ffffff
ffffff
ffffff
e9e9e9
e2e2e2
eaeaea
eeeeee
fbfbfb
fafafa
fbfbfb
f6f6f6
eaeaea
ebebeb
eaeaea
f0f0f0
fbfbfb
fafafa
fbfbfb
f4f4f4
eaeaea
ebebeb
eaeaea
f0f2f2
ffffff
afe0e2
22b9c0
a9dbdd
eae9e9
ebebeb
349db9
0081aa
5bb1c8
fffffd
f8fafa
efefef
eaeaea
ebebeb
ebebeb
f8f8f8
fbfbfb
fafafa
fafafa
ededed
eaeaea
ebebea
ececee
f9f8ef
f9f8e7
fbfbfd
f8f8f8
ebebec
eaeae9
ece7b7
f3eeb4
fbfaf3
f9f7e2
fbfbf6
f6f7f8
eaeae9
ebebe9
eaeaeb
f1efe0
fbf9e3
fafaf8
fdfbe8
f7efb6
ebe7c8
ebecf0
e9eaec
f2f2f0
fcfdff
fafaff
fbf8d9
f0efd3
eee499
eee7aa
e9ecfd
f5efd2
fbf5db
fafcff
f9f6da
f3e37f
ece7cb
f4e59b
eee3b0
f7f7f4
fbfbfb
fafcff
faeec9
f8e398
ebeae6
ebedf0
ebe2db
f9f0e9
fbfdfe
fbfafa
f9f9f9
ebebeb
ebebeb
eaebeb
edebeb
f8e8e2
f8eaea
f38480
f7ffff
edaaac
ed797d
e9dcdb
efe6e6
f8eae9
f8eceb
fcfeff
f5f3f3
e9ebeb
ece7e4
eaebeb
f2f2f2
fbfbfb
fafafa
fbfbfb
f2f2f2
e9ebeb
ede0df
eac1ba
f5f4f3
fcfeff
f9eeeb
faeeec
f0f2f3
eae9e9
ebebeb
eaeaea
f7f7f7
fbfbfb
fafafa
fafafa
ededed
eaeaea
ebebeb
ebebeb
f9f9f9
fbfbfb
fbfbfb
f9f9f9
ececec
ebebeb
eaeaea
ededed
fafafa
fafafa
fbfbfb
f7f7f7
ebebeb
ebebeb
eaeaea
edecee
fafafa
fafafa
fbfbfb
fcfff9
ebeceb
eaeaeb
f0f5ee
f9fef6
fbfbfb
f9f9fa
fbfbfb
f2f2f2
ebebea
ededec
e9e9ea
f4f4f4
fbfbfb
fafafa
fbfbfb
f0f0f0
eaeaea
ebebeb
eaeaea
f6f6f6
fbfbfb
fafafa
fbfbfb
eeeeee
eaeaea
ffffff
f9f9f9
e5e5e5
e7e7e7
e5e5e5
eeeeee
ffffff
fefefe
ffffff
f5f5f5
e5e5e5
e7e7e7
e4e4e4
f2f2f2
ffffff
fefefe
ffffff
f1f1f1
e5e5e5
e8e7e7
cadcdd
dbeaeb
daf0f1
ffffff
dff0f4
93c8d3
c7d9dd
ede9e8
e5e5e5
fafafa
ffffff
ffffff
feffff
eaeaea
e5e5e5
e6e6e6
e8e8e8
fdfdfd
ffffff
ffffff
fdfdff
e7e7e7
e6e6e1
e5e5e6
eaeae9
ffffff
fefcea
fcea4e
fdea39
ece7b7
e6e7f4
e5e5e4
eeeded
ffffff
feffff
ffffff
f5f6fb
e7e5d0
e6e6e4
f4e459
fbdf02
fcf3a7
ffffff
ffffff
f5f2e2
e5e4dd
e6e7e9
e6e5df
f8f7fa
fdf6bb
fbf4bb
ffffff
f1ebcb
e7e2c3
e6e7ec
e6e7ee
f7e97f
fef4b7
fded9c
fcf1bb
eae9e6
e6e6e5
e5e7ec
efe3bc
fce496
fefcf7
ffffff
fcf2ea
e7ded6
e6e8ea
e5e5e5
eaeaea
ffffff
ffffff
ffffff
faf8f8
e7d7d1
e6d8d7
ea746e
eff6f4
f9c8cd
ed727e
f7d9d9
f7f1f1
e5d2d1
e8dada
e5e6e6
f1ecec
fffcfc
fcedea
ffffff
f3f2f2
e4e4e4
e7e7e7
e4e4e4
f4f4f4
ffffff
fcf3f3
f3a1a7
ede2e3
e5eaea
e7dbd9
e6dad7
f8fbfb
ffffff
fefefe
ffffff
ebebeb
e5e5e5
e6e6e6
e7e7e7
fcfcfc
ffffff
ffffff
fdfdfd
e8e8e8
e6e6e6
e6e6e6
e9e9e9
fefefe
ffffff
ffffff
fbfbfb
e6e6e6
e6e6e6
e5e5e5
ececec
ffffff
fefefe
ffffff
f8f8f7
e5e5e5
e7e7e7
e4e3e4
c9b3d8
f8f4fb
ffffff
ceb1e1
ba94d2
e8eae7
e8eae8
e5e6e5
f5f5f4
fbf9fe
f8f6fb
ffffff
efefef
e5e5e5
e7e7e7
e5e5e5
f8f8f8
ffffff
fefefe
ffffff
ececec
e5e5e5
e6e6e6
e6e6e6
fbfbfb
ffffff
ffffff
fafafa
e3e3e3
e5e5e5
e2e2e2
ededed
ffffff
ffffff
ffffff
f5f5f5
e2e2e2
e5e5e5
e2e2e2
f2f2f2
ffffff
ffffff
ffffff
f1f1f1
e3e2e2
dfe3e3
ced9da
96d0d2
e0f6f7
ffffff
ffffff
dfe8e8
dbe1e1
e7e6e5
e2e4e4
fafbfa
ffffff
ffffff
ffffff
e9e9e9
e3e3e3
e4e4e4
e6e6e6
fefefe
ffffff
ffffff
fefdf1
e7e6db
e4e4e7
e3e3e3
e9e9e9
ffffff
ffffff
fffce1
fbec58
e9e6bb
e4e4eb
e3e2df
ededf0
fffdda
fffac9
ffffff
f6f7fd
e9e6c0
e7e7e6
e6e3ca
f3ec98
fffbd6
ffffff
ffffff
f5f2e1
e4e2db
e4e5ea
e5e3d5
f9f8f4
fef8be
fcf5ba
ffffff
f1e9c6
e6dfbd
e4e5ec
e4e4e6
f8f0ca
fffad2
feec8f
fff1bd
e9e8e5
e3e3e3
e3e5eb
efe3b8
fce087
fffaef
ffffff
fef1e6
e9d8c9
e5e7e7
e4e3e2
e8e8e8
ffffff
ffffff
ffffff
fbfafa
e5d6d1
e5d1d0
eb6862
efecea
fac5ca
eb6975
f1c3c6
f6e8e7
e5bdbd
e7d1d3
e3e3e2
f0e9e8
fffefe
fdefec
ffffff
f3f2f2
e2e2e2
e5e5e5
e2e2e2
f5f5f5
ffffff
fdf1f2
f596ab
ede0e2
e3e8e8
e5d8d6
e3d5d3
f9fcfc
ffffff
ffffff
ffffff
eaeaea
e3e3e3
e4e4e4
e5e5e5
fdfdfd
ffffff
ffffff
ffffff
e7e7e7
e4e4e4
e4e4e4
e7e7e7
ffffff
ffffff
ffffff
fcfcfc
e4e4e4
e5e5e5
e3e3e3
ebebeb
ffffff
ffffff
ffffff
f8f8f8
e3e3e3
e5e5e5
e3e2e3
cbb5da
faf6fd
ffffff
ddc6eb
c8addb
e7ebe5
d8cadd
dad2dd
fcfff9
dacaee
d5c3e9
ffffff
eeedee
e2e2e2
e5e5e5
e3e3e3
f8f8f8
ffffff
ffffff
ffffff
ebebeb
e3e3e3
e4e4e4
e4e4e4
fcfcfc
ffffff
f2f2f2
f2f2f2
f4f4f4
f4f4f4
f4f4f4
f3f3f3
f2f2f2
f2f2f2
f1f1f1
f2f2f2
f4f4f4
f4f4f4
f4f4f4
f3f3f3
f1f1f1
f2f2f2
f1f1f1
f2f2f2
f4f4f4
f1f2f2
d0e1e4
eef0f1
f5f2f2
dde9ec
48abc3
1b98b4
acd3dc
e0ebed
5eb8c4
cbe3e4
dce9e9
f6f3f3
ecf0f0
f2f3f3
f4f4f4
f4f4f4
f4f4f4
f2f2f2
f1f1f2
f1f2f3
f7e97d
f7eb7e
f3f4f6
f4f4f3
f4f4f3
f2f2f1
f1f2f7
f4edaf
fae841
f6f1be
f3f5ff
f4f4f3
f3f4fb
f3e996
f4e76a
f1f2f3
f2edc7
f7df27
f7e452
f3f4fd
f3f4ff
f2efdc
f2f2f4
f1f2f5
f3efda
f4f3e9
f3f4f7
f4f2e5
f4f2ec
f0ebbf
f0eab1
f1f4ff
f3eac5
f4ecc8
f3f5fc
f4f4f4
f6ecb6
f3ebba
f9e584
f5e5ae
f3f1e8
f4f4f7
f3f1e9
f6e7a8
fad874
f5eaca
f2f6f6
f2e1d5
f4d9bc
f4f2eb
f4f0ea
f4f2ef
f2f2f3
f1f1f1
f2f2f2
f2f0f0
f3e1dc
f1d6d5
ee635c
f4eeeb
efbabe
e75d69
e8acb0
efd7d5
ecc1bf
f4d6d7
f4f4f3
f3e6e5
f1edec
f1e2de
f1f3f3
f2f2f2
f4f4f4
f4f4f4
f4f4f4
f3f4f4
f1ecec
f2e5e4
e5a1bd
f1e3e7
f5fafa
f1e3e1
f1e2e0
f3f6f7
f1f1f1
f2f2f2
f1f1f1
f3f3f3
f4f4f4
f4f4f4
f4f4f4
f2f2f2
f1f1f1
f2f2f2
f1f1f1
f3f3f3
f4f4f4
f4f4f4
f4f4f4
f2f2f2
f1f1f1
f2f2f2
f2f2f2
f3f3f3
f4f4f4
f4f4f4
f4f4f4
f2f2f2
f2f2f2
f2f2f1
f2f2f2
f2f2f3
f8f9f7
e0dae7
a994c6
f3f3f3
f1f0f1
f9fdf6
fbfff7
f4f4f4
efebf1
f1eff2
f3f3f3
f2f2f2
f3f3f2
f1f1f1
f3f3f2
f4f4f4
f4f4f4
f4f4f4
f3f3f3
f1f1f1
f2f2f2
f1f1f1
f3f3f3
f4f4f4
f4f4f4
f4f4f4
f2f2f2
f1f1f1
e3e3e3
eaeaea
ffffff
ffffff
ffffff
f9f9f9
e3e3e3
e5e5e5
e2e2e2
eeeeee
ffffff
ffffff
ffffff
f4f4f4
e2e2e2
e5e5e5
e2e2e2
f3f3f3
ffffff
fcfefe
ddecee
d4e8e8
d0dedd
cfdbde
3aa0b9
229bb9
bce1ea
f8fefd
a7dce0
e5e9e9
d6dede
e9e6e6
7bc2c7
e0f3f4
ffffff
ffffff
ffffff
e7e7e7
e3e3e3
e3e4e7
e8e6d6
fffde6
ffffff
ffffff
fdfeff
e5e5e3
e3e4eb
e9e6c4
fae73d
fff9c4
fffff3
fffff2
fafafb
e3e4ed
e5e6f2
e2e3e6
edecde
fff391
fef5a4
fffffe
f6f1c2
e6e2c3
e4e5e9
e2e3e4
f0ecd6
fffff6
fffff7
fffff0
efede4
e5e1c2
e9e09b
e2e5f6
f4ebc3
fff8d1
ffffff
fffffd
f5eaab
eae0ac
f5de77
eedc95
fcf8da
ffffff
fffbe0
faec92
f8cc61
eedda6
e6e8dd
e9d3c5
fad5a1
fef6e0
fff7e9
fdf9f2
e5e6e8
e4e4e4
e3e3e3
e9e8e8
feeae5
fadad8
f16059
f7f1ef
e5b0b3
e55662
e49ca0
edc2c0
f7cecb
ffe0e1
ffffff
f5e4e3
e3dddd
e7d6d3
e2e3e4
f2f1f1
ffffff
ffffff
ffffff
f1f3f3
e3dbdb
e7d5d2
d983aa
f4dae3
ffffff
faebea
fcecea
eef2f2
e2e1e1
e5e5e5
e3e3e3
fafafa
ffffff
ffffff
ffffff
e9e9e9
e3e3e3
e4e4e4
e5e5e5
fefefe
ffffff
ffffff
ffffff
e6e6e6
e4e4e4
e3e3e3
e8e8e8
ffffff
ffffff
ffffff
fbfbfb
e3e3e3
e4e4e4
e2e2e2
ededec
ffffff
ffffff
e4dcf0
ae9bca
e3e3e3
e5e6e5
dedce0
ebe8ee
ffffff
ffffff
ffffff
f6f7f4
e2e2e2
e5e5e5
e2e2e2
f5f5f5
ffffff
ffffff
ffffff
eeeeee
e2e2e2
e5e5e5
e3e3e3
fafafa
ffffff
ffffff
ffffff
eaeaea
e3e3e3
e6e6e6
ececec
ffffff
fefefe
ffffff
f7f7f7
e6e6e6
e8e8e8
e6e6e6
efefef
ffffff
fdfdfd
ffffff
f4f4f4
e5e5e5
e8e8e8
e5e5e5
f3f3f3
ffffff
fafcfc
d8e7ea
cde7e6
c2dcdb
f1ebea
f7eeeb
d7e5e9
f1f7f9
f9fcfc
cfeaeb
eceded
dfe3e4
eae8e8
eae8e7
fbfafa
ffffff
fefefe
fdfdfd
eaeaea
e7e7e6
e7e7e8
e9e9e8
fcfbf2
fefeff
fefef8
fcfae7
e8e8e6
e6e7f0
ede8bf
fde420
fdf6bf
fdfcf6
fffdee
f8f9fb
e6e6e2
e7e7e4
e6e5e4
eff0f7
fff8c2
fffad7
f7f2ae
f3db0a
eee48f
e6e8f4
e7e7e1
f1edcf
fffdee
fdfaec
fffce9
f0eee7
e9e2ad
edde73
e5e9fd
f4eac0
fef4cc
feffff
fefcef
f8ec9f
ede3a9
f8df69
f7e589
fdf6c8
fefdff
fcf4c7
faea77
f9bc45
f1d998
ebead4
edd4c3
f7ca89
fbeac7
fdedd7
fbf4ea
e8eaec
e7e7e7
e6e6e7
ebeaea
fbe5df
f7d2cf
ef5651
f5eae8
e8afb3
e75561
e69398
f0b0ac
f6c4c2
fac3c3
ffffff
f5dddb
e6dfdf
e9d7d3
e5e7e7
f2f1f1
ffffff
fdfdfd
ffffff
f2f4f4
e6dbdc
e9cfce
d777a7
f0c9d9
ffffff
f6e5e5
f7e6e5
f0f3f4
e6e5e5
e8e8e8
e6e6e6
f7f7f8
fefdff
fcfcfd
fefefe
ebebeb
e6e6e6
e7e6e7
e8e8e8
fbfbfb
fefefe
fefefe
fcfcfc
e8e8e8
e7e7e7
e6e6e6
eaeaea
fdfdfd
ffffff
ffffff
f9f9f9
e7e7e7
e7e7e7
e6e6e6
ebebec
ebeaf4
ffffff
d5c9e6
baabd2
e9eae8
ecefea
cdbedb
c5a9dc
ffffff
fdfdfd
f9f5fc
e4dcea
e5e5e5
e8e8e8
e5e5e5
f5f5f5
ffffff
fdfdfd
ffffff
efefef
e6e6e6
e8e8e8
e6e6e6
f8f8f8
ffffff
fefefe
fefefe
ececec
e6e6e6
fdfdfd
f7f7f7
e8e8e8
eaeaea
e8e8e8
efefef
fdfdfd
fbfbfb
fdfdfd
f4f4f4
e8e8e8
eaeaea
e8e8e8
f2f2f2
fdfdfd
fbfbfb
fdfdfd
f0f1f1
e8e8e8
e9e9e9
b9d1d5
f9f6f6
fffefe
fbfcfc
ecf4f6
aacfd7
cfdde0
e1e7e7
cddee0
c9e7e5
bce5e5
fcfbfc
67c4cc
cee2e3
efebeb
e8e9e9
eaeaea
f9faf8
fbfcf9
fcfcff
fbf5c0
f0e9ae
e9e9ee
ebe8cc
efecbe
fcfbf7
fcfdff
fbf7d3
fde42c
f0e7a7
eaeaea
e8e8ea
efefee
fdfeff
fcfcff
fdfdfc
f5f5fa
ede18b
efe494
e6e8ee
f0edc7
fcf9d5
fbfcff
fcfcf2
f6f1c5
eae8d6
eee7d3
ebe8d3
f8f7eb
f8f3d3
f4e8a6
fdffff
f4e7b7
ece1b7
e9eaee
f4efd3
faed98
faedaa
fde260
fcec85
f4e9a7
ebe8dd
f6e9a6
fbe759
fab236
fbdc90
fbf6d4
fcdfc8
f9bd7a
f1d6ab
eed7b9
efe4d2
fbfeff
fcf8f6
fcf9f8
f9f8f9
ebd1cb
e7c0bb
ea4d46
f0dad7
f6bbbe
e95560
ee8890
f09691
e9b6b1
eacac8
eae7e6
f0d0cb
fcf5f3
f9e4e0
fdffff
f3f2f2
e8e8e8
eaeaea
e8e5e5
f5f4f4
f9eaeb
f5d6d3
df78ad
e7b0c7
ebf6f2
e3ced1
e1cdce
f8fdfd
fbf7f7
fbfbfb
fcfcfc
f2f3f0
f0f2ec
f1f2ed
eaeaea
f9f8f9
fcfcfc
fefffd
fbfbfb
ebebeb
e9e9e9
e9e9e9
ebebeb
fbfbfb
fcfcfc
fcfcfc
f8f8f8
eeedeb
d0d2de
cbcddc
f2f2f0
fcfcfc
fafafb
ffffff
e1e0ed
736db1
dddce3
e4e2e6
9f8bbc
f4f3f6
fdfdfd
ffffff
f6f8f5
e6e5e7
f1f6ed
bb9ed6
8e58c6
ede7f4
fffffd
fcfcfd
f0f0f0
e8e8e8
eaeaea
e8e8e8
f6f6f6
fdfdfd
fbfbfb
fcfcfc
eeeeee
e8e8e8
e9e9e9
e9e9e9
f9f9f9
fcfcfc
ffffff
fafafa
e3e3e3
e4e4e4
e2e2e2
ededed
ffffff
ffffff
ffffff
f6f6f6
e2e2e2
e5e5e5
e2e2e2
f2f2f2
ffffff
ffffff
ffffff
f8f4f5
e2e2e2
e3e4e4
b3cdd1
ecf1f2
ffffff
ffffff
3c9fb5
007f9c
94c3cb
d7e1e0
a0cdcf
cceae9
c0eceb
ffffff
aae2e6
d7e3e4
e7e4e4
e3e3e3
e5e5e5
ffffff
ffffff
ffffff
fff8b9
ebe4a2
e6e4d5
f0e478
f4ef9d
fffdd8
ffffff
fffacb
fce432
f0e689
f2e784
e2e3e4
ecece9
fff697
fef7b6
ffffff
f7f7f5
e1e3f0
e3e5f7
e6e4cc
f6e981
fffbda
ffffff
fffff5
f9f3bb
e6e2cb
ebe2c4
e5e1cd
faf7ec
fcf5cf
f5e89d
ffffff
f4e6b1
e8dbad
e7e7e6
fbf6cf
faec91
fded9e
fde054
fceb74
f1e48e
eee7cc
fbec96
fae343
fbb234
fdda88
fef8c5
fee0bf
f9b06c
f1ca90
edd1ac
f1dcc0
ffffff
fff6ef
fffaf6
fcfafb
e6cbc5
e3b6b0
ed453e
eed1ce
fabdc0
e9525b
f07f87
ee7977
e5aca5
e5c5c3
e6d9d5
f0c8c0
fff9f8
fce3e0
ffffff
f3f2f2
e2e1e1
e5e6e6
e2dbdb
f7f2f2
fde3e6
f8cdca
de72aa
e39cba
e6f1ec
ddc3c9
dac2c6
fbffff
fdf3f5
fffeff
ffffff
b6a8cb
7558ab
a293c0
e6e6e4
ffffff
ffffff
dcd2e8
faf8fc
e8e8e7
e3e3e3
e3e3e3
e6e6e7
ffffff
ffffff
ffffff
fcfcfc
e7e7e5
d1d3db
cdced9
eeeeec
ffffff
ffffff
ffffff
f6f6f7
cbc9d8
e5e6e5
d1cad9
b6a4ce
ffffff
ffffff
e1caee
d6c3e2
e6eae4
dfdae1
dddae0
ebe7f0
ffffff
ffffff
ffffff
efefef
e2e2e2
e5e5e5
e2e2e2
f8f8f8
ffffff
ffffff
ffffff
ebebeb
e2e2e2
e4e4e4
e4e4e4
fcfcfc
ffffff
f7f7f7
f5f5f5
eeeeee
efefef
eeeeee
f1f1f1
f7f7f7
f7f7f7
f7f7f7
f3f3f3
eeeeee
efefef
eeeeee
f3f3f3
f7f7f7
f8f7f7
f1f5f4
cde2df
efeeee
edeeee
bad4d8
eaefef
f4f6f6
f7f7f7
cfe2e7
79bdcb
d1e1e5
d6e6e4
b5dcdb
c1e4e3
b0e0de
d5ebed
45b9c5
bfe1e4
f7f1f0
eceeee
efefef
e0edb5
e2eeb4
f8f7fa
f7f7ee
eeeee9
efeee7
eeeeec
f9f6b3
fcf694
f7f7fe
f9f3c3
fce438
f5e76f
f8e242
efebd1
f1f2f5
fbf5bd
f9f4ca
f7f8fc
f4f4f3
eeeeea
eeeeef
f1efe0
f8eb6d
f7f2bd
f7f8ff
f7f6f4
f8f0b0
f1eccd
f2e8c1
f0ebd8
f7f1d9
f1e9bc
eddf95
f8fcff
f5e8ab
f1e6b5
f1ede3
fdf4bc
f9ea87
faea8c
fcdc49
fce862
f5e481
f7eec1
fce97f
fbdf31
fab333
f9d279
fbf3b5
f9d5a9
f7a761
f7c47b
f4d1a4
f5d9b6
f6fafe
f7e7d9
f7eae4
f5f1f1
eecfc8
ebb5ad
f0423b
edcac6
f4b3b6
ea4f56
eb757b
ec6063
eca8a2
edc7c5
efe0d8
f2c0b7
f6ebea
f1d2d0
f8fafa
f2f2f2
eeeded
eff1f1
ede1e1
f3e8e8
f3d0d3
f3bcbb
d769a2
e189b0
f2fcf7
e3c1cb
e1c2ca
f7fdfb
f2e0e3
f6f5f6
f9faf8
dfdbe6
c2b7d9
d2cbdf
f0f1ef
e8e3ee
eae4f0
f4f3f4
f6f5f6
efefef
eeeeee
eeeeee
f1f1f0
f7f7f6
f8f8f8
f7f7f7
f5f5f5
eff0ef
e7e7e9
e8e7e8
f2f2f2
f7f7f7
f6f6f6
fbfbf9
e4e3ed
7c72bc
dfdfe9
d0c4dd
b29ecd
fcfefa
f7f8f7
f2eff4
eeebf0
f0f2ef
d7c2e0
e9e5eb
f7f9f5
f8f7f8
f7f7f7
f7f7f7
f2f2f2
eeeeee
eeeeee
ededee
f5f5f5
f7f7f7
f7f7f7
f7f7f7
f0f0f0
eeeeee
eeeeee
eeeeee
f6f6f6
f7f7f7
e3e3e3
ebebeb
ffffff
ffffff
ffffff
f8f8f8
e4e4e4
e6e6e6
e3e3e3
efefef
ffffff
ffffff
ffffff
f4f4f4
e3e3e3
e7e6e6
dfe1e1
d8e8e6
ffffff
ffffff
b0dbdc
e4eaea
dee1e1
dfe3e3
ede9e7
c0dce0
f2f9fc
80cbc3
aadcd7
dceaea
abd4d3
eae7e7
dbe3e3
fcfcfc
ffffff
ffffff
ffffff
dbe4c1
d8e0bb
e5e5ed
e9e7c6
fffee4
fffff4
fffde3
fef9a3
f9f066
e6e6e1
eee7b4
fce435
feef61
fef272
ffffff
fafaf4
ece7b6
eee9b6
e5e4dd
eeeeef
ffffff
fffffc
ffffff
fdf7bc
ebe5ac
e4e5f1
e9e5c5
f3e99d
fffad2
fef3c2
fffbe3
f4ecca
e0d8a4
ded087
e6e3e9
f4e79d
fff6c2
fdf4dc
fbefa8
f8e882
faeb85
fddb42
fbe24d
fce576
fdf0b6
fbe368
fcdc29
f9b434
f7d06f
f5eaa8
f6d296
f6a35b
fbbf6c
fad59a
f9d9b2
e8e9e9
ead1bf
e7d5cb
ebe6e4
fbd4cb
f5b7ae
f1403a
eec2bb
eaa4a6
eb4e54
e76d72
ee4f58
f5a7a2
fbcecc
fdeae0
f5b9af
e4d3d2
e3bbba
e4dddc
f2f2f2
ffffff
ffffff
fff1f1
e9d2d4
e8b6b8
e9abaa
d1619a
e379a6
ffffff
edc3d0
efc6d1
f0f5f4
e1c3c8
e5e6e6
e4e3e4
fffffd
fffffd
ffffff
ffffff
b4a0cc
a992c4
e6e7e5
e6e6e6
fdfdfd
ffffff
ffffff
bfabd8
8a64b7
c8bcd4
e9eae7
e8e7e8
ffffff
ffffff
ffffff
fdfdfc
e4e4e4
e5e5e5
e5e5e4
e5e6e9
c8cbe3
f6f7fb
f9f8fb
d5cfdd
e4e4e4
e8e9e6
b08dcb
caaedf
ffffff
ebe4f1
fdfbff
f3f3f3
e3e3e3
e6e6e6
e3e3e3
f5f5f5
ffffff
ffffff
ffffff
eeeeee
e3e3e3
e6e6e5
e4e4e4
f9f9f9
ffffff
ffffff
ffffff
eaeaea
e4e4e4
e4e4e4
ebebeb
ffffff
ffffff
ffffff
f8f8f8
e4e4e4
e6e6e6
e3e3e3
efefef
ffffff
ffffff
ffffff
f4f4f4
e3e3e3
e8e7e7
d9dedd
ecf1ef
f9fcfc
f1f8f7
bee0e2
d7e6e6
e3e3e3
e4e5e5
e1e4e3
aed6da
f0f9fa
6bbcbc
9fd4d5
dfeae7
a9d3cd
e7e5e6
4cb5bc
c4e9eb
ffffff
feffff
ffffff
eae9ee
e7e5ea
e4e5ec
efe382
fdf397
fffdec
fdfbdb
fdf591
fbee4a
eae9d0
f0ebb1
fde531
fceb51
fcea4e
fef4a0
fbfbf5
ece8bd
eee7aa
eeebba
f0efec
ffffff
ffffff
ffffff
fff17d
eee59e
e5e6ef
ece6ad
f5e67d
fff8c7
fef1b5
fff9da
f6ecbf
ddd395
d8ca84
e8d9d5
f3e58d
fff3ba
fbebbb
fbec99
f9e97f
fceb7e
fdda3d
fcde41
fde164
fce89f
fbdc54
fcd922
f9b636
fad269
f6e59a
f9d993
f5a455
fbb961
f8d28e
f9d0a0
eae5e2
eac7af
e8cfc3
ece3e1
facdc2
f5b1a6
f13c36
eeb4ac
eba2a2
eb4b51
e86a70
ef424d
f69593
fac5c3
fbe4d8
f3b0a4
e6ccca
e3afaf
e8caca
f2f0f0
ffffff
ffffff
feebed
e8bbc1
eaa8ab
eaa6a7
cf5e98
db6598
ffffff
e9bac9
ebbcc8
f0f3f2
e2b7c0
e5e7e7
e5e5e4
f7f6f8
ece5f3
f7f5fa
ffffff
f3f6ef
f1f5eb
e8e9e7
e6e6e6
fdfefd
ffffff
ffffff
f5f2f8
d7d2df
e1e0e3
e3e3e3
ebeaea
f5f6f9
5f79b4
5470b0
e6e8ef
e9e9e7
e2e3e4
ebebe8
c8cad8
2f3c99
c3c8e3
e8dcf4
a593ce
dfdfe1
e9ebe7
bea5d0
d6c2e4
fffeff
8d4dbd
b994d9
fafef6
e1e1e2
e6e6e6
e3e3e3
f5f5f5
ffffff
f9f6fc
ede5f6
ededee
e4e4e3
e6e5e6
e4e4e4
f9f9f9
ffffff
ffffff
ffffff
eaeaea
e4e4e4
f8f8f8
f5f5f5
ededed
eeeeee
ededed
f1f1f1
f8f8f8
f7f7f7
f8f8f8
f3f3f2
ededed
eeeeee
ededed
f3f3f3
f8f8f8
f7f7f7
fdfafb
f5f3f3
d2e0df
e2e9e8
bcdbdd
d2e3e4
f5f7f7
f6f7f7
eaf1f0
a8d1d4
e0e7e9
79beba
9acac9
d1eae3
91d4c6
fffbfc
a3dbdb
d2e4e5
f3f0ef
ededed
eeeeef
f4f5ee
f6f6f0
f7f8ff
fdf5ad
f2ea90
f2f0c9
f7f4ca
fbf176
f9e930
f8f4c3
faf4b3
fde530
fcec51
fdeb36
f4e985
f1efdf
faf4c1
f8efb3
fbf38f
f5f3c7
ededf0
efefe7
f0efe3
faea63
f9f09f
f8f7ea
f6ec97
f5e054
f2eab2
f5e79e
f0e8c0
f9eeb7
dfd281
d8c981
f5d9c8
f7e888
f1e2a4
f2d791
fce88a
fae97b
fcec7c
fcd939
fddc3a
f9dc57
f6dc85
fcd543
fcd820
f9b736
facf60
fae590
f9d488
f4a14e
fbb256
f9cd81
f8c489
f4e3d9
f2c3a8
f5d3c4
f4e6e1
f0b7a8
eda396
f13835
eba398
f3a6a5
ed4d53
ed6e73
ef3946
f17f7d
f0b2b0
eed3c7
eea194
f4cdca
ebaaac
f4b9bc
f2e8e8
ede8e8
eef2f2
eccdd1
eeafb8
f1a1a6
f3acaf
d0609a
ce4d85
eef2ef
dda9ba
e0a6b7
f5f3f2
edb7c0
f6f3f4
fafbfa
e3dfe7
a790c5
c3b8d5
f3f5f1
e0d9e8
d2c8e1
eae7ef
f9f9f8
eeeeee
eeeeee
ededed
f2f2f1
fcfefa
f8f8f8
fbfcfa
f9faf8
ededed
c2c9d8
c1c8d7
f1f1f0
f8f8f8
f5f6f6
fefefb
d4d7e5
3c4fa8
bec2dc
bbb5d4
b0a8d1
f8f8f8
f9faf9
e8dfea
e6dde8
f2f5f0
d5c8de
dad1e2
f5f6f4
f8f8f8
f7f7f7
f7f7f7
f0f0f1
f2f5f0
d3c5e0
9c76c6
f1eff3
f9faf8
f7f7f7
f8f8f8
f0f0f0
ededed
eeeeee
eeeeee
f6f6f6
f8f8f8
ffffff
fafafa
e3e3e3
e4e4e4
e2e2e2
ededed
ffffff
ffffff
ffffff
f6f6fb
e2e2e4
e5e5e4
e2e2e2
f2f2f2
ffffff
ffffff
d8f0ed
c7dfdc
d3dcdb
dee2e2
bcd6d7
cce0e1
ffffff
ffffff
f8fdfc
a7ced1
d0dadb
429f93
84beb5
e1f1eb
abe1d0
ffffff
f2f7f3
e5e6e5
e5e4e5
e3e3e3
e7e6e8
ffffff
ffffff
ffffff
fffcc4
f2edb8
f0ecaf
f6f1c1
f9f072
f0e42a
fdf8b8
fdf7b0
fde52f
fcea49
feea32
f6e86d
eeeab9
fff8b0
fef2a6
feef5c
f7f087
e6e5d9
efeaab
ebe9d6
f9e857
fcf08c
fefcd7
f9ee7e
efd84c
ede49d
f0e18c
eae0a6
faeea9
dacb6c
d3c278
fbd3b5
f8e47b
ebd697
efc772
fde57c
fae773
fcea75
fcd732
fdd933
f7d852
f3d172
fcd13b
fbda22
f7b534
f9c655
fbe384
f9d27b
f49d4b
fbad4b
fac872
f8bf7c
f8d8c6
f7bca1
fccdba
f8e2da
eea795
eb9989
ef3936
e99589
f7a2a0
f04e55
ef7175
ee3643
f07371
eda4a2
ecc9bd
f09185
f8c1bd
ef999e
f49ea6
f1dddd
e2d8d7
e5e4e4
e4b7bb
ee9da7
f3989b
f6afb3
d2609b
c63c7a
e2e2e0
d49baf
d997ac
f7efee
efaab5
fdeff3
ffffff
e8e6e8
d2c9d7
e6e6e5
e8ebe8
beabd4
9982c5
d7d1e9
ffffff
e5e5e6
e1e0e1
e3e2e3
e7e7e7
eee7f3
fefdfe
e6dbef
ded4e8
ebece8
9a9fc2
828ab7
dee0e5
ffffff
ffffff
ffffff
c3c8df
394ba3
bdc0d6
a6a0c2
a9a4cb
ffffff
f9f6fb
ffffff
fdfff9
cbbed7
b89dcf
e9ede6
f7f9f6
ffffff
ffffff
ffffff
efefef
e2e1e2
e5e6e5
e5e5e3
f9f9f9
ffffff
ffffff
ffffff
ebebeb
e2e2e2
e4e4e4
e4e4e4
fdfdfd
ffffff
fcfcfc
f7f7f7
e9e9e9
eaeaea
e9e9e9
efefef
fcfcfc
fbfbfd
fcfbf3
f3f0b4
eae9d0
eaeaee
e9e9e7
f1f2f2
f4f8f7
fffdfd
d9ecea
d5e5e4
dfe3e4
e2e6e6
cadbdb
f1f4f3
fffdfe
e1f0eb
f0f7f3
acd2d5
cfdddd
309082
71b4a7
e6f3ee
a8dccb
fffdff
d3eae0
e4e8e6
e8e8e7
ebeaec
dee6d7
d7eac3
ebf2e0
fefcff
fbf6b5
f7f39e
f7f39b
f9f5c1
f2ed6c
e1df2c
fcf49b
fcf7aa
fce531
fce73d
fde82a
f8e865
f4ed99
fcf399
fbef9e
fee83d
faec58
f2eec3
f8ef8c
f7f3b5
fdeb55
f7e772
fbf8c2
f7eb66
ead23e
f0e68e
f0e17f
f4ea99
f9ec9c
cfc15b
caba71
f9caa1
f9dc6b
eed392
f2c267
fce170
fae464
fce86e
fdd52d
fdd528
f9d94e
f3c966
fbcc33
fbd922
f7b334
f8c04d
fadd72
f8ce72
f5984d
faa946
fac669
fbbd72
f6c6ab
f5b198
f8c1ab
f6d6cb
f4a48c
f09886
f03a37
eb8b80
f59895
f14f53
ee6f73
f03442
f26c6a
ef9c9a
f3c4b6
f3897d
f2aaa8
ee8187
f07c88
f0cfce
e9d5d4
eae3e2
e6afb1
ea8992
ed8a8c
f0a9ae
d15b98
c13474
e5dfe0
d097ab
d68b9f
f3e1e3
e69aa7
f2dbe0
fdffff
eae9eb
d6cedb
e7e5e7
e2d0db
f4edf0
fffbfa
fcf6f9
fafbfb
ebebeb
e9eaea
edeeeb
d4ccdd
7f57b3
a78bc9
faf9fa
f1eff4
ececeb
dadce4
c3c7d9
ececed
fdfdfd
f9fafb
f9f8f9
a8aacc
394da1
c1c2d7
d6cdd6
e0dae2
f9f7fa
f8f8f8
c8aede
d8c8e4
e6e4e8
dad1e3
ddd3e1
d7c1e1
fffffe
f3eff5
d0b8dd
f0eff0
e9e9e9
eaeaea
e9e8e9
f6f6f6
fdfdfc
fbfbfb
fcfcfc
eeeeee
e9e9e9
eaeaea
eaeaea
f9f9f9
fcfcfc
e6e6e6
ececec
ffffff
fefefe
ffffff
f7f7f8
e6e6e7
e8e8e8
e5e5e4
efefe4
fffffb
fefeff
ffffff
f3f4f4
e1e3e3
ebe9e9
d6e1df
a4d7cc
cee7e6
e7f3f1
cce4e1
dae5e3
e4e5e5
b0d0c3
a7cebd
acd2d2
e0efed
2d8e7f
6cb0a5
d7e6e0
a4cebe
ece9ea
bedccc
f5f8f7
fafcfa
fdfdfd
fbfdfa
dbe3cf
dae1d0
e9e5d6
efeab0
f9f49e
f5f385
fbf7c3
e5e863
ced831
fdf184
fcf59a
fde532
fde531
fde62b
fdea4e
fdf582
f2e98b
f4e995
fee637
fded51
fcf8ba
fcf280
fdf787
fbec54
f2e160
faf6bc
f7e759
e1ca34
f3ec8d
eee177
fcf192
f8ea91
c6b54a
bdaf6b
f5c696
fad35a
f6d598
f1b95c
fcd962
fbe056
fde86a
fdd22a
fdcf1c
fdde51
f6c360
fac52b
fadb23
f7b233
f8b943
f9d762
f6ca68
f49549
f9a542
f9c161
fcb363
f2ac88
ee9e82
f3b298
f0c3b3
f9a687
f79e88
f23c37
ee857b
ed8782
ee4e51
e96c6f
ef3442
f15f5b
f39790
f4b3a7
ef746b
ee9697
ed6670
e95e6d
eebfbe
fbdbd8
faebeb
ecadae
e77d88
e57d81
e39ba1
cf5695
bd2f6f
f2e5e9
d298ac
d47c92
e5c8cc
d88696
ddbbc2
e4e1e2
f9f5f6
ffffff
f3e8ed
dbb2c6
ddbece
d6b5c9
decdd9
eaedeb
faf9fa
f3e8f0
f9f7fb
f9f8fa
dcd8e2
dfdde2
dcd8e0
eceaeb
f9f9fa
bdc0d9
a7aad1
d5d6e5
ebebe8
e3e3e5
d3c4d5
988ab8
334a9b
cecfe1
d5c9de
cdbad6
dad0dd
e2e1e3
bda6ce
dfd3e8
ffffff
c49ed5
f5ecf8
e8dfea
e7e8e6
e5e4e6
dcd7de
f5f6f5
ffffff
fefefe
ffffff
efefef
e5e5e5
e7e7e7
e6e6e6
f8f8f8
ffffff
fefefe
ffffff
ebebeb
e6e6e6
e3e3e3
eaeaea
ffffff
ffffff
ffffff
f9f9f7
e3e3df
e5e5e5
e2e2e2
efeff2
ffffff
fffffc
fffffc
f4f4f3
dee1df
ede7e8
a7d4cc
8ed0c4
d9e9e9
c2e5de
b3d7d1
c3dbd5
d2dedc
a1cbb8
7fc0a3
a9cfcb
dbece9
288976
63a89c
92c9b8
7abda6
ece7e8
add5b9
f7faf8
f2f9f3
fdfffd
ffffff
e6e8e0
dce2cf
dddec8
e7e5a2
f0efa1
e8ef7c
f6f4bf
d7e461
b1cf38
f7eb79
faf391
ede439
e9e336
f6e52c
fde957
fdf67d
f0e784
f3e791
fee734
fced50
fbf6b2
fbf07a
fcf578
fbec56
e9d955
f5f0af
f5e14f
dac431
ece483
e1d671
fcef89
f3e488
c2ae40
beb06e
f5cc93
f6c144
f6cf93
f2b252
fcd353
fcdb44
fce766
fdd029
fdcc17
fcdf52
f4bc5f
fac025
f9dc24
f7ad2f
f8b23b
f9ce51
f5c45e
f39343
f8a13c
f9bd59
fca754
f39d75
f3a17e
f8ad90
f3c1a8
f7a375
f7987c
f13b37
ef8075
ec7e78
ec4e4f
e8696c
ee3341
f0514f
f2837c
f19d91
ec615a
ec7b82
eb4e5b
e44e5e
e8adac
facdca
f8e0e0
e6a0a2
e07581
e0767c
e0989f
d25695
b72b6a
e6cbd2
c78ea2
cc6a83
e0b8be
d27a8b
d2a5af
dacdcf
f7eaee
f6e9ed
e1c7d0
c697ac
d0a1b6
cd98ad
e2d0d7
e5e4e5
fcfafb
f5e9f0
fcfafd
fdfbfc
e9e9e7
dcd9df
785caf
b8acd2
ffffff
d1d3e6
b8bbdb
e8e8f1
e7e8e6
dfdde1
cb9fc3
8271ad
2f4a94
cfcedf
cfc2db
c0a2ce
d0bcd5
dad9dc
d0c1d1
efeaee
fbf6fd
cca7d8
ffffff
ece5eb
e2e3e2
e4e4e4
dfdde0
f6f6f6
ffffff
fffeff
ffffff
eeeeee
e2e2e2
e5e5e5
e3e3e3
fafafa
ffffff
ffffff
ffffff
e9e9e9
e3e3e3
f2f2f2
f2f2f2
f3f3f3
f3f3f3
f3f3f5
f3f3ee
f4f4d7
f2f2f3
f2f2f2
f2f2f1
f3f3f9
f4f0c3
ebec81
ebefcd
f2f2f7
f8f3f4
b5e2d6
b0dad3
c7dddf
87cdbf
8fc4bb
a2cac1
c0d9d2
93cbb2
65b492
9ec6c3
bcd8ce
23846a
599e90
cce1da
c2ded7
e5ecdd
92cd98
e5eee8
dae5de
eef0ee
f1f1f0
d9e6cb
d1e4c1
dce1cc
d7e4a8
e2ecbb
d5e975
eef1bc
cbe060
8dc240
e9e772
f0ed86
bcdd44
bddc3f
e0e332
fde957
f7f067
f3eb84
f7e997
fce62f
fded4e
fbf4a8
fbee74
fcf270
fbee58
ded34f
efe89c
f3dc41
d5c132
e2da76
d2c768
fcee83
eedf81
baa537
c4b773
fede9f
efae35
efc489
f2b148
face4d
fcd333
fce862
fccf27
fdcc18
fcde4f
f3b25a
faba22
fadc27
f6aa2d
f7ae33
fac744
f7bb54
f6893b
f6a13a
fab952
fca045
f39167
f4a177
fa9f80
f8c5a1
f8a068
f3916d
ef3c38
ee7a6e
ef7971
ef5050
eb6c6d
ed323f
f04847
ec716c
ec897f
e85551
e8626d
e53b4b
e14454
e59b9a
efb1af
edc9cc
de9397
d56e78
de7479
e39da4
d85796
b12a65
d4aab4
b88195
c25c76
deadb5
cb7283
cc97a5
ddc7cd
f0cfdb
e6bac9
c29caa
b08295
bf8da2
c4859c
ecd1db
e7d9de
efe8eb
e5dbdf
efe6eb
f2eff0
ebe8ed
f1eff0
a291c4
b9afd1
fdfcf7
b2b5d0
787eb9
ecedef
e6e3e9
e2dee6
bc88b8
665fa3
324f91
bebccf
bcabcc
aa8cc2
cfb4d8
e7e8ea
c5b1cd
ddcadf
eadfec
d2a5d3
f6faf6
f3f3f3
f3f3f3
eeebef
c4a5d3
f1f0f2
f0eff0
efecef
f4f5f4
f2f2f2
f2f2f2
f2f2f2
f2f2f2
f3f3f3
f3f3f3
f3f3f3
f3f3f3
f2f2f2
f2f2f2
ffffff
fbfbfb
e3e3e3
e5e5e5
e3e3e3
edede4
ffffff
ffffff
ffffff
f6f6f6
e2e2e2
e5e5e5
e3e3e1
f3f2f2
fbfffd
fcfdfc
9de5cc
9ed1c9
a4c9ce
57b9a0
6bb9a7
92c4b9
b2d7c8
7cc4a6
5fad8f
8abab8
b1d2b4
228261
549c8d
8dc2ad
86c2a6
e8f4cb
6dbd7d
cde1cc
cddecd
dde1df
dfe2dc
dbecc8
cee6ba
dde6d4
c3da9c
dae8c0
c2e473
e5ecb4
bada61
6db246
d7e368
e7e97c
9dd14a
a0d343
c5df3a
f7e75a
ece85e
edef88
f6e896
f1df2d
faeb4f
fbf29f
faea6d
fbf171
fcef57
d8cf4f
e9e088
efd733
d1be31
d7d067
c2b75b
fbec83
e7d981
b49b30
c7b772
ffe7a7
e39a33
e5b47f
f0b241
f8ca4e
fcc82b
fce85f
fdce27
fdc916
fbde4f
f2a85a
f9b422
fadd29
f5aa2d
f8a730
fac03a
f8b14c
f88134
f5a138
fab34b
fc9c3a
eb8259
ef996d
fa9874
f9b994
f8985e
ef9064
ef3d36
ec7268
f2746c
f05553
ed7576
ec2f3a
ef4343
e86662
e87973
e15050
e84f5c
df3144
de3e4f
e58b8d
e59696
e4b2b4
d7888b
cd6874
db7377
e8a2a7
dc5998
ae2c62
cf909c
ae7488
b3516c
d7a0ab
c2697c
c6909e
e1c2cb
e4a8bd
cf90a8
aa8092
9e7083
b18195
bf8097
f5d1dd
e5c1ce
e1d0d6
d1bcc4
e0cfd7
e4e0e2
efe5ec
fbf7f9
fefeff
f1eff3
e2e0e2
aaa7c2
7478ab
dbdbe1
ddc2db
ded1e2
956fa8
4a519a
375592
abaac4
a493be
967db8
c5a3d7
f4f3f7
c0a6cc
c3a4ce
d8c7dc
c588c6
e2e2e2
f3f2f3
ffffff
ffffff
ffffff
f0f0f0
e3e3e3
e6e6e6
e2e2e2
f8f8f8
ffffff
ffffff
ffffff
ececec
e3e3e3
e4e4e4
e4e4e4
fcfcfc
ffffff
ffffff
f9f9f9
e6e6e6
e7e7e7
e5e5e5
eeeeea
ffffff
fefefe
ffffff
f6f6f6
e5e5e5
e7e7e7
e3e4e4
eef0ef
d5ece4
d6ede5
7ed4b3
94cac6
8fc8ca
2da583
59ae9b
8cc5bb
9bcebc
5ab492
5dac8e
76aba5
95c793
207d5a
579c8b
79b7a3
5ba883
c6e4a2
4ca36f
cbe8b7
d5e8c4
d1ddd5
d1dfc4
d7e8c9
cee1c0
d5e1ce
b5d395
d4e5c3
addb76
d9e7af
a1d063
4f9e4b
bcda5c
e0e86f
94cd4f
96ce47
a3d440
dbe063
d5e05b
d3e57f
e9e191
d0d734
e5e54f
f7ef98
f5e867
fbee72
fbee57
d0ca4e
dfd878
e1d031
c9b734
cec85a
b3a958
fbe886
e6d880
ac912b
c0ad6a
ffe4a5
d38939
dfaa7c
ebaa40
f4bf4f
f9b52a
fde95a
fccd27
fdc916
fbdd4d
ef9e58
f8ae23
fae02b
f6a72c
f9a02d
fab632
f7a842
f97a30
f59e34
faaa42
fc9631
e5754f
ea8f66
f8916b
f8af7f
f38f57
ef9566
ee3f37
ec6f66
f06961
f25552
eb7675
ea2f38
ee3e3e
e85c59
e86a69
db4b4e
e64050
db2e43
da3c4d
e57f83
e58988
e6a3a5
d78186
ca6775
d56f73
e49da1
dd5797
aa2d62
c37787
aa6b7f
a44a63
c9939e
b46174
b47f90
d1abb6
d987a2
b97691
9b6c83
936479
a4788b
b97a8f
f1c8d6
d59bb3
dcbeca
cdadba
dcc2ce
e2d8dd
ddc0d0
f2ecf0
fefdff
e2d6e0
dcccd9
8c80af
6e6da2
d5cedb
bd87b5
c5adcb
6f589c
3a4795
3b5a92
a5a4c5
9283b8
8878b4
ae8dcb
eae6f0
af92c5
a07bbe
d2bcd9
c27ac2
e2d8e0
efe8ee
fefafd
fefffe
ffffff
f0f0f0
e5e4e5
e7e7e7
e5e5e5
f7f7f7
ffffff
fefefe
ffffff
ededed
e5e5e5
e7e7e7
e6e6e6
fafafa
ffffff
eaeaea
eeeeee
fbfbfb
fafafb
fcfcfc
f7f7f7
eaeaea
ebebeb
e9e9e9
f0f0f0
fcfcfc
fafbfa
fdfbfc
e4f2eb
a3dcc2
a2d7cd
50bb9b
8bcac7
8bcccb
1a9771
4ba592
7dbcb4
7ac1ad
3ea381
52a586
629f96
64ae83
197756
4d957f
6fae9a
539e7a
86c784
2d8c64
b6dc9a
c1e0a9
bad7c0
bedda5
c1d9b0
afcd9d
c5d4bf
abcb93
cfe1c4
99cf75
cde2a5
7fbf64
3f8f49
98cd52
d0e566
94cd51
94cd49
94ce42
b8d566
b6d064
aecc72
d2d488
a8c73d
c6da51
eaea8a
e1e064
f3e973
faed50
c4c350
cece6a
cdc633
bfb236
c3be4e
a59a53
f7e289
e3d47a
a08225
af9a5e
f9d6a0
c07e3e
d9a27e
e19745
eeae4f
f1a12d
fde959
fccb26
fdc817
fbd94c
e99456
f7a521
f9e22b
f6a02a
f8972b
f9ab30
f69e39
f7732e
f59932
fb9e3b
fc8e2d
de6846
e6845f
f48862
f7a470
ed8452
ec8e61
ed3f38
ee7168
ec5f58
f35554
e87572
e53135
ec3a3c
ea5554
e35f62
d3444a
e43b49
d62e42
d73a4b
e6757c
e87578
e69095
d9858c
c46976
cb676d
d68d93
db5395
a92e63
ae6274
a36277
97445d
b47f8c
a3576c
9f6b7e
b6919f
b76582
a6647f
916179
855d72
9a7183
ae6e83
dbb1c1
ba7899
d9b3c4
c59eb2
d9b4c8
e5d7e1
bd8eaa
ded4d9
e8e7e9
c6abc1
d2aec8
6e5393
504c90
c9b7d0
93639b
ab81af
585397
324790
3f5b95
a4a6cb
8879b7
8575b5
9979bf
ccc1d9
9f84be
7960b1
ccb0db
c070c1
f0dcee
ead3e6
e9c6dc
ebe3ea
e9e4e8
f4f4f4
fcfdfc
fafafa
fcfcfc
f0eff0
e9e7e8
ebebeb
eaeaea
f6f6f6
fcfcfc
fafafa
fbfbfb
eeeeee
eaeaea
e2e2e2
eaeaea
ffffff
ffffff
ffffff
f9f9f9
e2e2e2
e4e4e4
e1e2e1
edeeee
ffffff
fdfffe
ffffff
b4e5d6
71cfa7
86c8c5
2ba28b
7ec3bf
7ec7c4
1e956b
42a08d
6eb6ac
54af9a
2e9976
4ba280
59998f
4d987f
177156
418d76
63a490
4b9879
4d9d74
1d815d
9cce8a
a2d38a
91c3a1
94cc8c
a1cb97
9ccc91
b9d6b5
97c287
c8debc
85c371
badc93
69b163
378646
74bb4c
bedf64
94cc50
91cb4b
90cc42
a3c867
a0bf6b
95ba67
bac583
84ac3f
a3c550
d1dc81
c1cd61
e2de71
f6ec4c
b5b94f
bac163
b8b935
b2a839
b3b343
96894d
f2da86
dac976
937423
a38f58
f0c597
ae703f
c99276
d08045
e2984d
e58e2d
ffe956
fcca25
fdc717
fad049
e28b53
f59d22
f9e32b
f69a29
fa8f29
fa9f2c
f69434
f76c2b
f69130
fc9135
fc862a
d55d3d
e37757
f17b59
f59567
e8764b
ec825b
ec3f37
ee736a
ec5a54
f55454
e87470
e33333
e9383a
e74a4b
d9545a
cc3e47
e33745
d12c40
d33849
e76d76
e75f65
dc727d
d2838c
bb6673
c36068
cd858c
db5194
a72e64
9a5165
99566e
8a4158
a26f7e
8f4d62
946477
b28c99
884c6a
8e5570
885971
7c596e
906b80
a0647a
caa2b1
995f81
cc9eb4
b386a1
c99ab6
d3bccd
9e658e
cebbc7
d9d0d9
ac8ead
ab7faa
4d4684
404c88
b084b0
6e4e89
885c98
454d92
2d478d
405895
999fc9
786ab2
7867b0
866eb8
baa7d0
967dbd
5552aa
baa5d8
b85dbd
ecd0ec
e3b1dd
e093cc
e9c0e0
e7bad9
f3e2ee
ffffff
ffffff
ffffff
eeebed
e1dde0
e5e5e5
e2e2e2
f9f9f9
ffffff
ffffff
ffffff
eaeaea
e2e2e2
ececec
efefef
f9f9f9
f8f8f8
f9f9f9
f5f5f5
ededed
eeeded
efeded
f1f1f1
f3f7f7
dceeeb
c6e9e7
77ccb8
61c3a0
70bbbb
208f7c
73b9b9
6ec0ba
259a68
379887
59aea0
3a9d8a
258d6a
4aa47c
539289
468e7a
186f57
39846f
599d88
48967a
3e8b6e
197a5a
7bbe7d
75be72
6aad8b
63b37b
7fbe84
81c57c
a8d79b
7cb776
aeda99
6eb665
9dd27e
55a45e
337f47
5ba849
b0d964
93cc4e
8eca4a
8ecb43
8fb964
8cac63
88ac64
a6b97d
678d39
82aa49
afc472
9cb35d
c8ce6c
f0eb46
a3aa4a
a2b15b
a2ab35
a5993c
a0a639
867545
ebd180
d0be72
80601f
9c8954
e5b090
9c603b
b67e6a
bc693e
cf7948
d37e2d
ffe952
fbc824
fdc718
f8c346
d9804d
f19324
f8e42c
f59529
f98727
f9932a
f58b33
f6662e
f6862f
fc8431
fc7c2c
cb5038
dc664c
f06f50
f2865a
e36642
eb7556
ed4036
eb6f64
ec5350
f35353
e6726e
e13132
e63739
e44345
cf4850
c23842
e13444
cb293f
cf3447
e2616c
e34b56
ca5662
bf7984
af606f
be5f68
c98089
dd5194
a52e65
834156
88465e
7b3a51
986475
7f435a
8d5b6f
ad8393
6c3f5c
7b4a65
764b64
735269
856279
8e5972
b991a2
794d70
ba88a1
9c7191
ad7e9d
c094ae
774a78
b295ad
af8cad
94789d
876090
464078
42447d
8c5c95
59457f
624885
3a4a8f
2d488e
3c5594
8b93c0
6157a8
5f52a1
7e61b5
b591d2
927ebf
3e4ba7
a398d0
b04cbb
e8a3e0
d982d3
d46bc4
e795d5
e392d1
ebb5df
f3d8ed
f6e7f3
f8f1f7
efe5ed
eadde8
edefee
ececec
f5f5f5
f9f9f9
f7f6f7
f9f9f9
efefef
ececec
ffffff
fbfbfb
e5e5e5
e6e6e6
e4e4e4
ececec
ffffff
eff7f7
d1edea
c3e4e0
b7dad8
a6d9d3
8ad1cb
45b3a1
5bbaa1
4faca9
1e8978
63b0b2
5ab5a9
2a9b66
2d8d7b
46a091
298b7a
238662
4da67d
508e85
428b77
186d56
357f6b
539885
469478
3b8a6c
1a7a58
4d9d6c
3e9963
469873
40986a
57a773
51a862
74c074
5bac6e
7bc771
50a75a
6ebd6a
429454
2d7747
4a9849
a0d15d
92cc4f
8bc84a
8ccb44
82ac5b
739456
7e9f61
91a76d
4e6f2d
678a3e
8da85d
76934c
adb95c
ece93d
929842
899a4f
8b9934
92843b
8e9834
776640
e1c778
c9b36b
6a491b
90814a
d49d85
864e30
a9735f
a85438
b6553d
c4742c
ffeb52
fbc824
fdc71a
f7b43f
ce7142
ec8423
f8e52a
f58f2a
f97f29
f9882c
f5812f
f46032
f77a30
fb7931
fc732e
c04134
d15444
e96248
ed7351
db553d
e86a53
ed4036
e5685e
ec4e4b
f35151
e7716d
e03031
e8393a
e33b3d
c33c46
b73340
e03343
c5273e
c82e44
de525f
dc3e4b
b24351
a46974
9f5565
ba5c67
c77d87
e04f95
a32c64
6f3349
763951
6d3349
8d576a
6f3a52
78475e
916278
5e3755
6a405c
633d57
66465d
724d67
7f516d
a37a91
613e61
9c6c8a
825c7e
835c7e
916588
61426e
8d6c8d
795784
775a86
654979
443d71
413e75
6c4983
504076
4e407a
33488c
2e488d
395293
7984b1
4f4b9e
4f4b98
7851b4
a973d1
917dc0
2f47a4
8985c0
a644b7
bf55c2
bb4fc2
b84abd
cb57c3
d261c7
e076ce
e899d8
e5b5db
e8c6df
ebbae2
f4c2eb
ffffff
ffffff
ededed
e3e3e3
e1d9e0
e5e5e5
fafafa
ffffff
ffffff
fbfbfb
e4e4e4
e4e5e4
e3e4e4
e2e9e8
d6efeb
acdfd5
b0e0d9
b2e0dc
b7deda
8acecc
54b6b5
2d9e93
45aa95
319a91
218678
47a19f
3ea38f
329767
228069
2e8d79
247e6d
21825e
4ca67c
4f8b83
428976
186d55
347d68
529582
439075
398769
1b7756
2c7f5b
277b57
2e835e
2c8159
348a5c
318c59
409c5f
39935d
47a35d
369053
3e9958
31824c
2b7247
3f8947
8cc454
91cc4e
89c74a
8dcb48
739e4d
587a43
6f8d57
738b56
3f5928
516d34
678441
55733b
94a243
eee934
7f8238
6f7b3e
798932
7e7035
7b852d
685836
d8be73
c1a65f
553618
7e6e41
bc8270
763c28
a06551
934130
983933
b66a2b
ffeb54
fbc725
fdc81e
f5a538
c55e38
e47723
f9e528
f58927
f9742a
fa7d2d
f4762d
f35c32
f96e30
fb7031
fc6b31
b53432
c2403d
db4d3d
e35d49
ca4035
e05f50
ec4036
e5645b
eb4a48
f25050
e66f6b
e13031
e9393b
e1363a
b5313e
a92b3c
d93040
bb243d
bc273e
d83f50
d33544
913545
915865
8c4757
a64552
bc7581
e24e94
a22c65
5e273e
662d45
602c43
723e54
5e2f4a
5e344c
6c415a
52314c
5b3752
53334d
583952
5b3a55
66405e
835574
543655
764b6f
67456a
5e4367
60436a
543963
67466f
543c6a
503d6a
4b3a6a
40396a
40396c
563d76
4a3b6f
463b71
334788
2e488c
395293
767dab
454595
444a94
784cb2
9e63c8
8c76bb
2948a2
8683bd
9e44b3
963eb2
993fb4
983fb3
a041b5
b647be
c44ec1
d567ca
e28ad3
e9a1da
e392d9
ea94db
faeaf7
ffffff
ecebec
e2e1e2
e5e4e5
e3e3e3
fafafa
ffffff
efefef
f1f1f1
f6f6f7
fbf7fa
d6eeea
afe6d6
97dbc8
7cccb8
86d0c6
72cac5
69c1ba
4fb1ad
2a9d9a
259388
2e9682
238b7e
218477
2c8f88
2b947c
339865
1f7761
247f6b
227665
21805c
49a479
4c887f
428975
196e56
347d68
529480
419075
37876a
1a7354
237354
237150
247553
227552
247850
257b51
2b8454
2b8252
2e8854
29804d
2c854f
277748
296f44
377d46
7cb84e
92cd4b
8ac748
90cc48
699645
466b36
658251
61784a
384e25
435d2e
4e6b31
425f31
839136
f0ea34
71702f
5e6732
6e7c2e
706330
6e7728
5e4f2e
d3b86f
ba9d57
4b2d15
72603c
aa6d60
6c3423
945443
843528
842c2c
ae6429
ffea56
fbc825
fdca20
f49c33
be5234
df7324
fae529
f48527
f76e2b
f9762d
f66f2d
f45933
f9682f
fa6931
fc6531
ad2e2e
b53638
ce4037
da4f44
bf3430
db5a4f
ec4036
e8645c
ea4847
f14f4f
e66f6c
e03030
e8393a
de3337
a72939
a02739
d52d3f
b12139
b2223a
d13548
ce3041
7e2d3e
874a59
7e3b4b
913745
ae6b77
e14d93
a02b64
522137
5b273f
58273e
5f2f49
552a44
502942
55304a
4d2c47
54324c
4b2d47
4c2f4a
502f4c
553352
663c5f
4e3251
5f3a61
573960
4d385c
4c365c
4b345b
4d3560
45335e
41335e
3f335f
3c3562
3c3565
48366c
443767
41386a
334788
2f498d
3b5493
8184af
40408f
414790
7a4aaf
9a62c4
8671b6
2849a1
8986bf
9b43b1
8e3ead
8e40ad
8e40ae
9340b0
a643b7
b245ba
c452c1
d760ca
e073d0
da70d1
e276d4
f0c5e4
eee3ec
f6fdf7
f9fffa
f8fef9
f8fbf8
f1f2f1
efefef
e2e2e2
eaeaea
fbfff9
eff9e8
aaebb8
63cf98
54c29e
4cbea0
49bba9
36b2a6
35a99d
2ba097
21968e
229387
2a9484
20897b
208476
298e86
2a937c
319a63
217762
23816b
217866
21835d
4aa479
4b887e
428a76
196f57
357d68
539781
439276
37886b
1a7555
267857
247754
257b57
227b56
277f53
278254
2c8c57
2f8a55
339257
2c8950
339054
2b7d4b
287145
3b8548
85c052
92ce4a
8bc747
8fcb46
719f4c
567d40
698755
6b8552
3d5827
4c6933
5f7d39
4e6d37
8c9c3c
eeeb33
7a7a35
6b7839
76852f
7a6f33
7a832d
665935
dac07a
c0a459
56391a
786b41
b47d6d
783f29
9f644d
91402e
943933
b6692b
ffeb5a
fbc924
fdc91e
f6a637
c65e3a
e77a25
fae52b
f68d28
fa762b
fb7e2e
f5772d
f55c32
fa702f
fb6f32
fc6a32
b33630
c0413d
da4f40
e25e4b
cc4139
e16255
ed4137
eb6962
ea4b4a
f1504f
e56f6c
df2f30
e73939
de3438
b2313e
ab2d3e
db3041
b8233b
ba253c
d83c4d
d53344
8c3444
8f5663
864352
a14251
b06e79
df4b90
a12c65
5b253c
632b43
5e2a41
6b3950
5b2e47
593148
623a53
512f4a
59364f
51314b
50334e
543551
5d3b58
764a6a
533655
6a4168
5d3e65
533c61
523b62
4f385e
553a65
4b3765
483764
453865
403866
3e3869
4c3a71
483a6c
433b6e
344788
2f488c
3a5292
777dab
424591
434791
7a49af
9963c2
846db1
2749a1
8785be
9b45af
8d40ad
8a42ac
8a41ac
8c41ad
9042af
9443b1
9a45b5
a346b8
a94aba
ac4bba
b650be
ca66c9
d172cf
df95db
ebb3e7
f1cbed
f8e6f5
e9e5e8
e3e2e3
e7e7e7
ececec
fcfdfa
f0f7f2
bdebc5
9de1b3
8edbbb
75ccae
86cfc1
75c8bf
75c3b8
54b5ad
36a69b
259989
3ca592
2a9689
1d8676
3f9f95
3da290
2d9b64
237e6b
2a8d77
207e6c
1e865f
4ca67b
4f8c82
438c77
197057
357f6a
549883
429278
37896c
1b7957
318561
29835a
318a62
2c885d
3a945e
309158
43a35f
449e5c
4eae5f
399c53
4cab5e
398d50
297747
449349
96ce59
90cd4b
8bc848
8dcb44
7ca957
6b9150
769760
87a067
48692b
5d7e3b
809e4f
6a8c43
a2b34c
edec31
8e9341
829447
889832
8d833a
8b9532
73693d
e0c882
c9af60
674d1e
857c4d
c9957d
885231
a77258
a15234
b05540
c4752e
ffec5a
fbca25
fdc91c
f8b63e
d06f44
ee8725
fae52c
f79528
fb822b
fc8b2d
f6822e
f66131
fa7c30
fb7c32
fc7531
c04235
d15447
e7634c
ec7453
db5742
e76f57
ee4038
ed6d65
ec4f4d
f25051
e6726f
e13031
e6383a
e23a3c
c43d47
b93543
e23344
c3263d
c52b41
e04a5a
dd3b48
a7404f
a06b75
985361
b75461
bd7680
df4e92
a32e66
6a3046
72374f
6a3148
844f63
69384f
6f4358
7f5269
5a3550
633d56
5c3a53
5d3f5a
64425e
724a66
926680
5b3b5a
86587a
6d4c6f
66466b
6b4a70
563d65
704e76
5c4271
554171
503d6e
443c6e
403c6f
594279
4d3f71
483d73
344788
2e478b
3a5191
7e87b2
494b97
4a4c97
784baf
9d67c3
8275b5
2548a1
8e8ac0
9c45b1
8d40ad
8b42ad
8941ac
8942ac
9143af
9844b2
a74cb7
b54dbd
bb50be
c055c0
c455c1
e073d1
e78edd
ebb3e5
f3d5f0
f5e5f4
f9f0f7
ece9ec
e8e7e8
fefefe
f8f8f8
e7e7e8
eae9eb
e2e5e5
deebe9
d0ece6
b4e1d5
bae5dc
9ed2cc
aad3ce
7ec7c2
60bfaf
29a18d
54b59e
49a9a0
1b8a78
65b0ab
58b3a5
299d64
2e8c7a
42a08c
258774
1e8a62
4eaa7f
549287
448d78
197057
37816d
579984
419477
398a6c
1d7a59
479a70
369862
489d73
3f9b69
5cb075
4eaa5d
73c26c
64b26a
81cb6f
54b055
7ec86f
4ea155
2d8148
53a34c
aada61
8fcd4c
8dca49
8dcb44
84b25e
769c56
8cad6e
a4b97f
588032
739747
a2bb69
88ac4d
b9ca5c
f2ed36
a2a848
9aad54
9ca935
9f973f
9ba638
847b44
e7cc8d
d0b964
766020
998f5b
e4b393
966438
ad7c61
b46639
cc764a
d6842e
ffed5a
fbca24
fec919
f8c443
db7c49
f49425
f9e42d
f89b28
fa8b2a
fc9a2c
f78e30
f86730
f98731
fc8834
fc8031
cd4f38
dd664f
f07459
f18a5c
e56947
eb7958
ef3e39
e96b64
ee5753
f45454
e77471
e33032
e83739
e64142
d34950
c53944
e83444
cc283f
cc3145
e45a67
e34752
c55360
b1757e
a85d6a
c05c67
ce828c
df5195
a42f66
7e3e54
86465d
78394f
966374
774257
85566b
9d6e81
633a56
6e455f
6b445e
6b4c64
78536e
855871
aa8598
694362
a57591
855e7e
855a7f
9b6b8d
62456c
8e6e8d
7e5a85
785b86
664a7b
464072
424074
6c4c84
524275
51427a
36488b
2f478c
3b5293
828bb4
56549f
5a509e
7b52b3
ae7cce
8b84c0
2a49a2
8b83bf
9a44b1
9040af
9142b0
9243af
9c46b1
af4cb9
bd51bd
d36bc9
e27bd2
e583d1
e281d5
e48bd6
f6cdea
fbeef9
eef3ee
e9efe9
eaeeea
e9ebe9
fafbfa
fefefe
ffffff
fafafa
e3e3e3
e4e4e4
e3e2e2
efeeee
ffffff
eaf6f5
bfeae3
bedfdb
b2d4d1
9bd0ca
8cd1c6
4ab49d
5fbda0
5db2ac
1d917d
72b5b2
61b5ac
279f67
379985
5ab09e
2e9980
219069
4eaa80
59958c
478f7b
197057
3d8572
5f9f89
429578
3b8b6d
1a7a5d
71b980
65bc6c
61ab81
61b778
7cc489
7fc670
a8d684
7ebe78
b0de96
72c05e
a9d880
64b15e
328b48
67b64f
bde36a
8fce4c
90cd4b
8fcd44
95c068
8eb162
a0c177
b6c790
6e9c39
8fb552
c1d47b
a9c959
ccda69
f4ee41
b1b64b
b0c260
b0b838
aca942
adb641
948c4a
f1d698
dbc56b
877223
a79d64
f6cca5
a3743c
bc8c6a
c87c3e
df9853
e7952c
ffeb5c
fccb23
fdc819
f9d043
e4894e
f7a026
f9e32a
f7a128
fa942b
fca62f
f89733
f86d2e
f89031
fc9336
fc8933
d65e3d
e47855
f47e64
f49e6a
ed7b4e
ee865a
f13e39
ea6c64
ef5d58
f45656
e87671
e43033
ea3a3b
eb4a4b
df5858
d03e47
ea3545
d32a40
d33548
e76a73
e85c62
d96c75
c17a84
b56370
c8656d
d88c94
df5596
a52f64
944e62
97546b
864057
a26f7e
874b5f
926176
ad8495
72415f
7c4f69
795069
76556d
8a627b
93657b
bfa0af
7f4e6f
bd8da6
9c708f
a57498
ba8da8
784e78
b695af
ac84a8
98799c
89618d
464278
3f447b
855b93
5a477b
624983
394a8f
2d488c
3d5694
8a91b8
6760a8
6b5ca7
8461b8
c19fd7
948dc6
344aa2
9388c1
9e45b5
b961bf
b554bc
af4fb8
c862c3
cf69c9
de7dce
e49bd6
e5add9
e6bad9
e9b4e1
f0b7e6
fef8fd
ffffff
ebeaeb
e2e0e1
e0d8de
e4e4e4
fcfcfc
ffffff
f5f5f5
f3f3f3
f0f0f0
f1f1f1
f0f0f0
f1f2f2
f4f5f5
f6f5f5
f2f4f4
eff1f1
e9eeed
cfe4e0
c5e5e1
82d2b9
68c7a5
6fbcb7
249c88
7ebcb7
73beb3
209e6a
40a18d
6cb8a8
50af94
2d9c76
4ca982
619c91
4a947e
166f56
49917e
6ca894
449779
409370
167d60
93cb8d
97d581
8ec39b
95d184
9dcf9a
a3d28b
bddca5
9cc887
c7e1b3
8dcd6b
c3e191
7bc267
3d9847
8acc50
d0ea72
92ce4d
95ce4a
93ce42
a3c972
b0cb71
b0ce79
becf94
8ab840
b0ce5b
dfe987
cde162
e2e570
f7ee4e
bbc04f
c5d26b
c4c334
b9b23e
bdc250
a49d52
f4dd96
e4cf79
99852b
b2a567
fcd9ac
b4823d
d1a17a
db9340
ebaf5a
f3a229
fdea5d
fccc24
fdc818
fad847
ea9653
f8ab25
fae129
f8a62a
fb9d2e
fcb233
f9a036
f9752e
f89932
fca13c
fc9336
e06e44
eb885c
f78a6c
f5ab7d
f28a58
f1905d
f13e38
ef736b
ee625b
f35655
eb7773
e73036
ec3e3e
ee5654
e9665f
d7454b
e93949
d92c42
d8374b
e9767e
ec7777
e3898d
d1818b
c06876
cf6c72
da8f96
da5595
a73064
ab6475
a26076
94465d
ad7886
985568
9f6a7e
af8e9d
8c4d6d
8d5a73
885c74
7d5b72
936a81
a47084
cbaab9
995d81
c99db2
b1819c
c295b0
ceb8c8
9c638e
d6c0cf
ddccd9
ac8fac
a97fa5
4d4984
484c88
ad7eab
6a4f84
835e94
405095
2c488d
415b98
9b9cc2
776cad
7d6db0
8c71bc
c7b6d8
9988c3
4a50a5
a99bce
a751bc
e1a9dd
d480ce
cc6ec4
e494d8
e08ed3
eaafdb
eccde5
eedcea
f0e4ed
f0e1ec
efdceb
f5f6f5
f5f4f4
f1f1f1
f0f0f0
f0efef
f1f1f1
f4f4f4
f5f5f5
e3e3e3
ebebeb
ffffff
ffffff
ffffff
f8f8f8
e3e3e3
e4e5e5
e3e3e3
f0efef
ffffff
ffffff
fffeff
beebd7
82cfb4
8dcac4
38af93
88c2bb
8bccc2
1f9e6d
46a791
7ebfb0
7bc3ac
3faa85
4da782
65a091
5daa85
167355
549a8a
74af9a
4d9d7b
6db97e
208b5e
afd7a1
c1e4a3
c4dfcb
c7e1a5
bfd8b3
b9d4a5
bed1b2
afd08e
d1e5bb
a8db71
d8e99f
9dd367
54a846
b9dc57
e0eb7b
93d04d
95d048
9cd23e
bed973
dae879
c6d977
cad692
accf40
d4df5a
f5f091
f0ea61
f3ed75
f8ed59
c3c651
d7db79
d9ce2f
c5ba3a
cbcd62
b6af5a
f7e28d
e8d682
a79331
b6aa65
fbdfac
c9913b
e4b585
e8a641
f4bd5c
fab629
fdea60
fdcc25
fdc817
fadd4d
f2a256
fab224
fadf29
f9aa2c
fba531
fbbd36
f9a83a
f97e32
f79f34
fbaf44
fc9c3c
e87e4d
ef9565
f89877
f7b88b
f69361
f29864
ef3d39
f27971
eb6961
f15655
ec7675
e8303a
ee4341
ef615d
ef736a
df4a4d
ea4350
dd2e43
db3b4e
eb868b
f19896
eba9ac
df8b94
ca6c7b
d26d72
d99297
d45594
a82f63
c07f8c
ae6d82
a34b66
bb8290
a95f71
ac7587
b79aa7
b66685
a56883
996882
886178
9e7489
ab7489
d2aebd
b27194
d9b4c3
c59baf
d9b1c6
eddee8
b987a8
d8ced4
e3e3e4
c2a8bd
c6a6c0
5c4a87
44498e
b39ebf
8a6091
a181a9
465598
2c478d
415c99
a7a6cc
877ab2
887cb5
977bbe
cbc2d6
9f88c1
675cae
c5b0dc
b060c1
ebd3ed
dfadda
d995cd
e6c0e0
e1b3d7
f1dcec
fffafe
ffffff
ffffff
eeeced
e3e1e3
e5e6e5
e3e3e3
fafafa
ffffff
ffffff
ffffff
eaeaea
e3e3e3
e5e5e5
ebebeb
ffffff
ffffff
ffffff
f8f8f8
e5e5e5
e6e6e6
e4e4e4
efefef
ffffff
feffff
ffffff
e2efeb
b4d4ce
bdded6
59c8a2
93c8c1
98d5ce
29a97b
59b49c
87c0b0
97cab9
60bb98
57a985
72a99a
91cb9e
1c7d5b
569b8d
6ead97
5da886
b4e09a
43a467
c9e5c1
d3e6c1
e2eee5
e4edcf
bad7ae
add4a1
ced4bf
bdd493
d3e7b4
bfe473
e9efad
bddf65
72bb43
dae769
eeee83
b0da47
abd846
c6dd3b
eae66b
f5f37e
e4e67c
e0de90
d8dd39
f2e959
faf29a
faed69
faf177
f9ed5b
cacd51
e8e491
e9d83b
cdc235
d8d675
cec567
fbea93
e6d681
b29f34
bab06a
fbe1a7
e09e37
eec189
edb247
f8c75b
fbcb32
fcea66
fdcd25
fdc917
fadd4f
f5ad5c
fabb27
fadf28
f9ac2f
f9ad34
f9c73d
f9b546
f8883b
f8a135
fbb84b
fda546
ef8f5c
f2a173
f69d81
f8c29a
f89e6e
f39a68
ef3c39
f37d76
ea766e
f15756
ed7677
ea333e
f14746
f0706a
ef8278
e55050
ec5762
e13648
dd4052
e98f91
f4b3af
f4c3c8
e5939b
d26f7e
d77277
dc979c
d25996
ad3066
d29ca6
b97d91
b35871
cc939f
b7687b
ba8495
c9aab4
dd8ca9
b97994
a57990
956c81
a47a8e
af7a8f
dbb7c4
c98ea9
e8cbd6
d4b2c0
e6ccd9
f6ebf1
cfabc0
dcd5d9
e2e0e2
d8c7d3
dfd0de
8a79a8
636da7
cecdde
b37ea7
b09bba
5c5b9b
384a93
3a5a94
b0aed0
9f8dbf
9a8abe
aa88c3
d8d3dc
a98ec1
9177bc
dfcaea
b66ec2
f5e8f6
e7cde3
e0bcd6
e6dde5
e2d9e0
f5f4f5
ffffff
fffeff
ffffff
eeedee
e4e3e4
e6e7e6
e5e5e5
f9f9f9
ffffff
ffffff
ffffff
ebebeb
e5e5e5
fafafa
f6f6f6
ebebeb
ececec
ebebeb
f0f0f0
fafafa
f9f9f9
fbfbfb
f4f4f4
ebebeb
ececec
ebebeb
edf1f0
edf5f4
edf4f2
8ad8c0
a1cec7
a9d2d0
51bc9d
7abdac
8ebeb2
bcdcd2
80c5a8
61b090
88bbab
b2cfc0
218467
5b9e92
76b49f
67b494
e1efc4
6ebb7e
d2e2d3
c9dacc
dfe6df
e2e7d7
e7f1e1
e1f1d8
ebedd5
dbe4a4
dae5aa
daeb76
f2f2b7
d0e364
95cb3d
ebeb75
f9f189
e3e540
dbe23f
eee535
f5e667
f5ed7d
f8ef86
f5ea9e
f6e53a
fded5b
fcf6a5
f7ea74
f9ef7d
faee5b
d6d352
f4eca6
efe04a
d1c531
e8e384
dbd273
f3e491
e9dd86
b6a639
c0b877
ffe5aa
efac3b
ecc18b
f0b24e
fbcf5b
fcd83f
fcea6a
fdce26
fdca18
fbde50
f7b864
fbc22b
fadf28
f8af31
f8b23b
f9ce4c
f8c256
f79245
faa63a
fabf54
fdad57
f4a073
f4a480
faaf96
fac3ab
f9a37c
f1986e
f03c39
f08078
f18880
f15153
ee6e6f
ec3641
f34e4c
f07d76
ef9287
eb5b57
ed6e76
e84554
e44a5b
e9a2a1
ecbbb7
eac6ca
df949a
d77181
e07a80
e8a4aa
d4609b
b3306a
d3acb4
ba8297
c0647c
e2aeb6
c67688
cfa1ad
e3c8cf
e6adc2
d094ac
ae899b
9f768a
af8598
b88499
ecccd7
ddb9c7
e4d3d9
d1b9c2
e5d6dd
eae5e8
e7d8e2
f2edf0
fefffd
efecef
e1dde2
9b95bb
7177aa
e1e1e6
d6b1cc
cebed5
9272a9
58599e
315492
b5b0cb
ad99c4
a28ebe
caacd4
ecebef
baa3c9
b095c8
ddcde3
b974c1
e6e1e7
ede2ec
f6ecf4
fafbfa
fffffe
f1f1f1
ebebeb
ececec
ebebeb
f6f6f6
fafbfa
f9f9f9
fafafa
efefef
ebebeb
ececec
ececec
f8f8f8
fafafa
ffffff
fafafa
e2e2e2
e4e4e4
e2e2e2
ededed
ffffff
ffffff
ffffff
f6f6f6
e2e2e2
e5e5e5
e1e1e1
f3f2f2
ffffff
ffffff
d4eee9
b8d8d4
bed1d3
92cfc1
95c2b9
b2d2cb
dff0ec
98cdb9
6abb9c
9bc9bc
c0d2cc
268971
5c9d94
cbe2d7
c6e6d8
e7f1e3
93d09f
dee5e1
d0d9d2
dfe1df
e4e6e0
dbeed0
d0eabc
fafbe6
f2f2b8
ebeca4
f0f286
f8f5bb
e0e65f
b8d537
f6ed80
fbf38e
fde439
fae436
fce731
f8e662
f3eb80
fef48e
fbf0a6
fde740
fbeb5b
f7f1aa
f3e87e
f8f08c
faee5a
e5dc5d
fcf4b5
f2e356
d9c934
eae185
e5da7a
ede194
f2e68a
bbb14a
c3ba76
ffdca6
f4bd48
eac490
f1b459
fcd662
fcdf52
fde96f
fdcf28
fdcc19
fcde52
f6c66a
fbc630
fbde26
f8b234
f8b941
f9d55c
f9c866
f7984d
faa941
fbc25b
fbb465
f7b291
f6a992
fdbeaa
fccdc1
f69f85
ef9676
f13c39
ed857c
f6928b
f25255
ef7173
ed3743
f55c5a
f08e86
f1a298
ef6861
ed898d
ed5a69
e85a6a
edb8b6
e8bfbd
e5cccd
dc9a9d
df7685
e78086
efacb1
d6639f
b93470
d8c4c8
c1879e
cb7388
eec3ca
d38192
e1b9c1
f1dee3
e6c8d3
dcb9c5
bf9fac
ae8296
bd91a5
c38fa6
f5dae6
eedbe2
e1d9dd
d2c5c9
e3dadf
e6e4e5
f5f2f7
fffeff
c1bbd8
d0cadf
ededea
aeb0cb
7f86b4
e1e1e5
ebe3ee
e7e1ec
bd95bd
7369a6
2d4e94
b8b5c8
b5a7c5
b096bf
e1cde5
f5f4f7
cbb7d1
cfb9d6
dacddd
bc7fc3
e1dfe1
f2f0f2
ffffff
fdfbfe
ebddf3
f0f0f0
e0dfe0
e3e2e3
e3e3e3
f8f8f8
ffffff
ffffff
ffffff
ebebeb
e2e2e2
e4e4e4
e4e4e4
fdfdfd
ffffff
fafafa
f6f6f6
ebebeb
ececec
ebebeb
f0f0f0
fafafa
f9f9f9
fbfbfb
f4f4f4
ebebeb
ececec
ebeaea
f2f2f2
f9fafa
fffcfe
b2ded1
badcd5
dae1e3
d0e0de
b9d2d0
cfe1df
edf4f2
a5d1c4
8ac7b0
abcfcb
c9dad6
298c77
64a5a2
bddcd2
a2d6c1
fbfbf9
b0d9ba
e6eae7
d9e2da
e7e9e7
f3eff5
cee5c2
c2e0ac
f7f8ea
f5f3bf
f6f2ac
f9f69d
fbf7bb
efe961
d3dc34
fbf193
fdf59a
fce43a
fce434
fde730
f9e758
f5ee8d
fbf094
f8eda2
fde848
faeb69
f2edbe
f4eb8a
f9f4a2
fbec56
f2e377
fcf7c5
f5e865
e3cf38
eee496
efe289
f1e6a3
f8e994
c3b555
c4b872
facba2
f6ce59
efcd9a
f1b75f
fcdd73
fbe366
fde872
fdd12f
fdd227
fbdb54
f6cd6f
fbcb36
fcdc23
f9b336
f9be4f
f9dd6f
f9cc76
f89a4e
fbac48
fbc664
fab972
f6c5af
f5b39d
f9c3b3
f8d8cf
f29e90
f09883
f23e3a
ea8d84
f59794
f05155
ed7174
ef3744
f56b69
f09e97
f4b8ae
f17b73
ef9f9e
ef7781
ec707f
f0c7c6
edd1cf
ebdcdd
e2a8ac
e5828f
ea868a
edabb0
d3649e
c13b77
e5ddde
cb93a8
d48196
f2d5d9
de8ea1
e8c9cf
f3e9eb
ebe0e4
e6d9df
d6bfc8
be93a7
cea0b6
ce9cb4
f1dde7
f4eef1
e9e7e9
d9ced7
e9e4e8
eceaec
f7f6f7
f3f2f5
7a62ad
b09fca
eef0ec
9398be
737eb3
e2e3e8
f6f6f8
eeecf1
d7bed4
827db0
274794
c2c2d2
c3b8cd
c5abcb
e8dbe8
f0edf1
d6c5d8
e3d7e4
e3d9e5
c697cb
ebeceb
f3f3f3
fcfdfc
f4f0f5
dfcde7
f2f3f2
e8e7e8
eae9ea
ebebeb
f6f6f6
fafafa
f9f9f9
fafafa
efefef
ebebeb
ececec
ececec
f8f8f8
fafafa
e5e5e5
ebebeb
ffffff
ffffff
ffffff
f8f8f8
e5e5e5
e6e6e6
e4e4e4
efefef
ffffff
fdfefc
ffffff
f3f4f4
e5e4e5
e3e4e3
85c9ae
72c1ad
c8e5e1
f5fafa
dcedec
dee7e5
dfe2e2
c4dad5
c0d8d1
aed1d1
e0efec
2a8d7d
69acab
c8e0d8
8fc8b4
ece8e9
c1d8ce
deeddf
a5d398
f4f9f1
fafcf9
ebeae8
e7e6e3
e6e7ec
ece8a6
fbf6b2
fcf8b4
fcf7bf
f8ec63
e7e230
fbf5a3
f9f29f
fce437
fce73b
fce62c
fdef78
faf4b6
f0e697
efe59f
fcea5b
fef489
fefce8
fcf6b1
fcfbd3
fdeb57
efe289
eeebcc
f4e77a
efd43d
fcf3b8
fbefa4
fef5be
f6e9a0
c9b764
c5b36b
eebfa3
f6d86b
f9dfaa
f5c271
fce482
fbe571
fde976
fdd535
fcd730
fddd5e
f9d97e
fbcf3c
fcda22
f8b436
f9c35a
fae685
fad085
f89b50
fbb151
fbc96d
fac68a
ead2ca
ebb29d
eec0b2
edd7d1
f9b3a8
f7a696
f33d3a
ee9d94
ed9694
ed4f53
e96c6f
f13845
f47673
f8b4af
f9cfc5
ef8b82
ecadaa
eb8c92
e78892
f1d5d4
fdebea
fdf6f6
f2bfc4
e9919d
e88b8f
e4a4a8
d1609b
cd4a84
fcfbf9
dba2b5
de95aa
eadadc
de93a5
e3ccd1
e5e3e4
f9f5f6
ffffff
f4e8ed
d6aec2
deb8cb
d7afc4
dfd1da
e8eae9
fbfafb
efe4ee
faf7fa
fcfbfb
e4e3e6
e1dfe3
ccc4d5
ddd8e1
fffffe
d4d6e6
c5cae2
f5f5f7
e8e8e7
e1e1e4
d5d1dc
9292bc
324799
d1d1e2
dccee1
ddcfe2
e0dce1
e0dde0
d2c5d3
efecef
fbf6fc
d7b5d9
ffffff
f3f3f3
e4e5e4
e5e3e5
e3dfe1
f6f7f6
ffffff
ffffff
ffffff
eeeeee
e4e4e4
e6e6e6
e5e5e5
f9f9f9
ffffff
ffffff
ffffff
ebebeb
e5e5e5
e3e3e3
eaeaea
ffffff
ffffff
ffffff
f9f9f9
e3e3e2
e5e5e4
e3e3e3
eeeeee
ffffff
ffffff
ffffff
f5f5f5
e2e2e2
e4e5e4
d5deda
d9e8e4
f0faf9
ffffff
cfe8e8
cce1e1
e0e2e2
e6e5e6
ebe7e7
b1d3d5
e6f3f2
2d9383
70b4b1
d3e6e0
9fcec0
ebe6e8
c6dad4
f4f9f7
fffffd
ffffff
ffffff
c7e0b9
cedec3
e8e6f0
e6e4ac
faf7bc
fffbd5
feface
fbf06f
f6e632
f0ebb0
efe8a7
fce431
fde945
fcea3a
fff8ae
fbfaee
ebe6b3
eee4a3
f7eb79
fbf6b3
ffffff
fffff4
fffffb
feee6a
ece297
e7e6e0
f0e391
f5dc47
fff7c7
fef4b3
fff8ce
f5ebaf
d2c17d
ceb971
ebc4b1
f6e07d
fceaba
f9d590
fce78c
f9e375
fce879
fdd63b
fcd937
fee066
fce493
fbd442
fcd923
f8b035
f7c05c
fae991
f9d08e
f99c54
fbb85b
fbce7a
f9d19d
e9e0dd
ebbda8
eac5b8
ebdcd9
fcc3b9
f8ac9f
f13c38
edaba2
ec9d9c
ec5053
e86b70
f03d49
f78985
fbc2be
fcddd2
f09f95
e7bbb8
e59d9f
e9a1a7
f2e2e2
fff6f6
fffffe
f9d1d5
e8a1ad
e7989c
e5a5a8
d1609d
d55e93
ffffff
e1abbe
e7a4bc
ebe4e4
de9dab
e6d8db
e4e7e6
f9f9f9
f0ebf2
fcf7fa
eed7e3
e6d3dd
d9c5d3
d7cbd6
e7e9e7
fefdfd
ffffff
ffffff
ffffff
d0c7d9
b4a1c8
e8ebe7
f3f3ee
cfd4e5
6a81b8
798fc2
e4e7ef
e8e8e6
e1e1e3
e9e9e7
b3b4cc
36439a
d0d1e5
ebe3ec
f4f2f3
e2e2e2
e3e2e3
c6b6cd
e1dae7
ffffff
ecdfee
fefcff
e8e2e9
e5e6e4
ddd9e1
b9a4cf
f6f6f6
ffffff
ffffff
ffffff
eeeeee
e3e3e3
e5e5e5
e3e3e3
f9f9f9
ffffff
ffffff
ffffff
eaeaea
e3e3e3
f5f5f5
f3f3f3
f0f0f0
f1f1f1
f0f0f0
f2f2f2
f5f6fc
f5f5f7
f4f5f3
f4f3f7
e6ecd7
c3df9e
d5e6c8
edefed
f7f6f7
fbf8f8
e1ebeb
bcdad9
e4ebea
eaeeee
b7d6d9
c7dfe1
f4f5f5
f0f2f2
eff2f1
b1d6d7
dfe9e9
3aa191
68b7ae
dae9e7
87c9c0
fbf7f7
dbebe8
ebefee
f3f2f2
f1f1f1
f1f0f0
a5ce95
a3ce8b
f0f2f4
eee980
ebe583
f2f1e2
f3f0d2
faf189
faec44
f6f4da
f7f1ba
fde430
fcea4b
fdeb34
f9ef8d
f2f3fd
f6f4de
f6efb1
faf6b8
f5f4e2
f0f0f1
f2f1e8
f1f1f1
f8eb77
f7efad
f4f6ff
f5eec6
f9eb88
f3ecbe
f4ebb7
f2eccb
f7eebe
e4d69e
ddc982
f5d7c7
f8e88a
f2e6ba
f4dfab
fcec96
f9e67c
fbe880
fdd73f
fdde3e
f8dc68
f7e7a3
fcdc53
fbd924
f8ae35
f9c76c
fbec9d
face99
f9a059
fcbe68
fbd28a
f6d2a6
f4f2f2
f4d2bf
f4dacf
f3ebe9
f1c5bc
eeaba0
ee3b37
eab5ad
f4abac
ec5355
ec7074
ed4650
f09691
f1c0bc
f1dacf
efaa9f
f4d4d2
edb3b2
f3c8c9
f2eaea
f0ecec
f1f5f4
efd3d7
efbbc5
f0afb3
eeb1b3
d567a2
d76e9d
f2fdf7
deafc0
e3a7be
f4f1f0
ebb7c2
f2ecef
f0eef0
f4f5f3
f0f1ec
f0f0f0
efeeef
f2f0f2
fbfcf8
fdfffa
f4f4f4
f1f1f1
efeeef
efeeef
f2f2f2
f2f2f3
f8f8f6
d4cbde
e3dee8
f0f2f1
d4d6e0
d4d6df
f8f7f5
f4f4f4
f3f3f4
fbfaf8
dedfe7
4d57a4
cecfdf
aba0cd
b1a9d4
fafbf7
efecf1
ede9f0
f3f4f3
eae4ec
d0badb
f1f2f1
f0eff1
f8fbf8
f2f1f3
eae4f0
f2f3f2
f0eff0
f4f5f2
f9fdf4
f4f4f4
f5f4f5
f4f4f4
f5f5f5
f1f1f1
f1f1f1
f1f1f1
f1f1f1
f4f4f4
f5f5f5
ffffff
fafafa
e3e3e3
e4e4e4
e2e2e2
ededef
ffffdc
fefef0
ffffff
f6f6f7
dee0d7
cfdcbe
d6ddd0
ebeeec
f2faf4
fbfdfb
feffff
e2ebe9
d0dad9
dfe2e2
9ccbcd
e9efef
fdffff
ffffff
ffffff
a9d4d5
cddbdb
92c8c0
9cccc7
dfeeeb
a8ddd5
ffffff
6ac6cc
b3d6d8
eee7e6
e2e3e3
e6e5e5
f3f8f1
f5fbf3
ffffff
fffffc
e6e7e2
e6e5d8
e6e5da
f6f1a4
fef26b
fffff9
fff9c5
fde430
f7e86a
fbec46
eae5a6
ebecf6
fffff6
fdf6ca
fffffc
f6f6f7
e1e2ec
e5e5e7
e4e4e8
f0e793
fff9c2
ffffff
fdf7c5
faf1a0
e8e2bb
ebe3b9
e7e1c5
f8f0cb
f3e8bc
e9d893
fdeee7
f8e991
e8deb1
ede2c0
fcf0a4
faea84
fceb8a
fcd843
fde44c
f4dc72
f2e7b1
fce36c
fbdb29
faaf36
fcce7a
fdf2ae
fed7aa
f9a560
f9c175
f5cd92
f2d4ae
feffff
fce6d6
feede5
faf5f4
e8c2ba
e7aaa1
ee3d39
eabfba
fbb6b8
ec5757
f07378
ec5259
e7a29b
e7bdba
e6d9d2
eeb5ab
ffecea
f7c8c6
feeceb
f3f0f0
e2e1e1
e5e8e8
e3d2d4
f6d7dc
f9c7cb
f6bebd
da70a7
d780a6
e6f2ec
dab2c1
dbabbd
f9f8f7
f6cdd6
faf7fa
faf6f9
ddd8e3
b19dc8
e1e0e2
e6e6e5
fdfdfc
d8cde9
c9badd
ffffff
e6e6e6
e3e3e3
e1e1e2
e7e7e7
ffffff
ffffff
ffffff
fefefd
dbdcde
657cb0
5d74ab
dee0e4
ffffff
ffffff
ffffff
eeeff2
5a69a7
bdc1d5
c3bbd1
d2cce1
ffffff
ffffff
b892d3
b490ce
eaeee7
d3c4d6
e3e4e3
f6f7f3
eee1f2
ffffff
ffffff
eeeeef
e5e7e3
d3cadd
af95cc
f7f7f8
ffffff
ffffff
ffffff
ebebeb
e2e2e2
e4e4e4
e4e4e4
fcfcfc
ffffff
ffffff
f8f8f8
e7e7e7
e8e8e8
e6e6e6
efeff0
fdfcea
fcfcf3
ffffff
f5f5f4
e7e7e9
eceaf0
eeeaef
d4e1d4
9bcaa5
daeadd
f1f8f8
9bcec3
e7e7e8
e9e9e9
a8cccf
e8f0f1
f5fafa
f5f9f9
fffefe
a6d2d4
d0dedf
a0d1ca
bedbd8
dfefee
c1eae6
ffffff
c8e8ea
dae5e5
ebe8e8
e6e7e6
edebee
d3e5ca
dcecd2
ffffff
f7f39e
ebe691
e9e9e8
e8e7e6
f5f1b2
fdf595
fdfeff
fdf7ca
fce336
f6e765
f9e945
e9e6d1
eeeff5
fefcef
fcf5cf
ffffff
f5f6fa
eee49d
f3e680
e7e9f6
f0ebbe
fdf7c9
fdfeff
fefceb
f9f2b1
eae5c4
ede6c2
e9e5cd
f7f1d2
f6edc6
edde9a
fcf9fb
f6e898
ebe1b3
ede8d8
fdf4b4
fae886
fce98c
fcda46
fde75d
f4e282
f2eac4
fcea85
fbde37
faac37
fbd480
fdf3bb
fcdab5
faac68
f6c584
f1cda2
f3dabc
fcffff
fceee3
fdf2ec
f9f5f4
eac9c2
e8b2aa
ef413d
edc9c5
f8b6b8
ea5757
ee747a
eb676a
e6ada6
eac6c2
e8e2e0
edc1ba
fdf1f0
f6d2d0
fffefe
f3f3f3
e6e6e6
e8ebeb
e6dbdb
f6e9ea
f8d8db
f5c8c5
dd74aa
e199b7
eaf7f1
dfbac7
deb5c3
f8fcfb
f5d9e0
fefefe
ffffff
e5e1e8
cbbfd9
eaeae9
e7e7e7
d8cce1
dcd3e9
dfd8ea
ffffff
ebeceb
e7e7e7
e8e8e8
eaeaea
fbfbfc
fefefe
fefefe
fbfbfb
e4e5e6
a0acc9
9ca8c5
ebebec
fffffe
fcfcfd
ffffff
eeeff2
8c98be
cfd3de
c2c3d2
babcd4
fefefe
fefffe
f4eff8
ece8ee
e4e2e5
c7b0d5
e3dfe5
bea3d6
e2d4ec
ffffff
fefdfe
efeff0
e9ebe8
d9d1e1
b9a5d3
f6f6f7
ffffff
fdfdfd
fefefe
ededed
e7e7e7
e8e8e8
e8e8e8
fafafa
fefefe
e8e8e8
ededed
fdfdfd
fcfcfc
fefefe
f7f7f6
e8e8ed
e9e9eb
e7e7e7
f0f0f0
fefefd
fbfcfb
fdfefd
f6f5f6
eeebed
ecebec
e7e7e7
f3f3f3
fefefe
fafbfb
c8e1e5
e7eced
e0e4e4
e4e7e7
f5eeed
acd2d6
e4f1f3
c0e2e3
b5dddf
acd9d6
6bc2ba
efeaeb
cfe0e2
f3f7f7
fffefe
fcfcfc
fcfcfc
eaeae9
e7e7e5
e8e9f0
ebe8be
fbf9cf
fdfdff
fcfcf9
fcf8c6
f1ecbc
e8e9ec
eee8bf
fce235
fced69
f9ee73
fcfcf7
f7f8fb
e8e7dc
ece7c5
e7e8ec
eff0f2
fffcde
fffacb
fcfae4
f8efab
ece6c1
e8e9f0
ebe8d8
f2ecb6
fdf9df
fcf7df
fdf8e2
f2edd4
e6deb7
e5d791
e9ebf8
f5e9a4
fdf4c7
fcfbf9
fcf5c3
f7e585
f3e08b
fcdb4d
fce86e
fced9c
fcf7e5
fbec99
fbe451
f9ab3c
f3d184
f1e9bf
f1d2b5
f8b273
fad7a5
fbdebe
fae9d2
e9edf2
eae3de
e9e4e0
ecebeb
f9ded8
f4c7c2
f14d48
f3d9d5
e9a8aa
e65457
e8747d
ef8484
f2c5bd
f9dedb
feffff
f1ceca
e7dedd
e9cbca
e7eaea
f2f1f1
fefefe
fcfdfd
fdf7f6
f0ecec
e6d2d3
e7c6c2
d772a3
edb9ce
ffffff
efcdd7
efccd6
f1f7f6
e5d6d9
e8e7e8
ebecea
e9e5ed
b6a0cf
dcd3e7
fffffe
cdc2d6
e6e5e6
f1f3ee
cfc5d8
f3f1f5
fdfdfd
ffffff
dfd8e9
9172bd
c6bbd7
edefea
eae9eb
ffffff
fbfaf8
f9f7f7
fcfcfb
e7e7e8
e9e9e9
e9e9e8
e8e8eb
c6c3dc
f8f7f9
cacde1
abaccd
e7e6e7
edefeb
cebdd8
e0d3e8
fbfafc
d2b9e3
faf8fc
d2c2e2
ddd9e2
ebecea
e7e7e7
f5f5f5
fdfdfe
fffffd
ffffff
f0f0ef
e7e7e7
e9e9e9
e8e8e8
f7f7f7
fdfdfd
fcfcfc
fdfdfd
ececec
e8e8e8
e2e2e2
eaeaea
ffffff
ffffff
ffffff
f9f9f9
e2e2e2
e5e5e4
e2e2e2
efefef
ffffff
ffffff
ffffff
f3f4f3
e0e1e0
e4e4e4
e2e2e2
f4f4f4
ffffff
ffffff
d1e7eb
eceeee
e3e2e2
e3e4e4
ede8e7
b1d3d8
f1f8fb
a2d7d9
7ac8cc
dde8e8
cedfde
c6dadd
45b2c1
d3eef1
ffffff
ffffff
ffffff
e7e7e7
e3e3e3
e3e4e6
e9e6cd
fffde7
ffffff
ffffff
fefce9
e6e5dd
eee48a
f5e556
fce021
fff6bb
ffffff
ffffff
f9f9fb
f1e461
ede483
e0e1de
eeede3
ffffff
fffdef
ffe83e
f7e65b
e6e4d0
e4e4e8
e5e3cf
f0ecbd
ffffeb
fffeee
fffde7
efecd9
e3dcb6
e5d892
e2e6fb
f5ebb3
fff8cc
ffffff
fff9d5
f6e791
eedf92
fadc54
f7e375
fdf1b0
ffffff
fef4be
fbe86f
f8b146
f0d492
eae5c9
eccfba
f9bf83
fee6bf
ffe8d0
fdf3e6
e5e7ea
e4e2e1
e3e2e1
e9e8e9
fde6e0
f8d2cf
f15550
f5e4e1
e5a6a8
e65257
e77f86
efa09f
f5bcb6
fad7d6
ffffff
f5d8d4
e2dbda
e7d0cd
e1e4e4
f2f1f1
ffffff
ffffff
ffffff
f1f1f1
e1d5d4
e4cac5
d677a1
f2ccd9
ffffff
f5dae0
f6d9df
eff5f4
e1d7d9
e4e3e4
e4e4e4
f6f4f7
efe9f6
f9f7fc
ffffff
eff1ed
e3e4e3
e1e0e2
cdc4d5
f7f5f9
ffffff
ffffff
fdfcfd
dddae0
e1dfe2
e3e4e3
e8e8e8
ffffff
fafafb
fdfefe
fcfcfc
e3e3e3
e4e4e4
e5e5e4
dfdfe4
9393c4
eaebf3
ddd2e9
cdc3db
e7e8e6
e5e5e5
dad5dd
ece9ef
fefbff
dbc5e4
ffffff
f9fdf6
e4e5e3
e4e4e4
e2e2e2
f5f5f6
ffffff
ffffff
ffffff
ededee
e2e2e2
e4e4e4
e3e3e3
fafafa
ffffff
ffffff
ffffff
e9e9e9
e2e2e2
efefef
f0f0f0
f6f6f6
f6f6f6
f6f6f6
f4f4f4
efefef
efefef
efefef
f1f1f1
f7f7f7
f6f6f6
f7f7f7
f3f3f3
eeeeee
efefef
eeeeee
f2f3f3
f7f7f7
f3f5f5
cde0e3
e6eded
e6ebeb
efefef
f8f3f2
b7d6db
e9eff0
98d0d3
82c9ce
d1e6e7
5dbcc2
e7ecec
dee8ea
f1f3f4
f7f7f7
f6f6f6
f6f6f6
f0f0f0
efefef
eff0f0
f6e97e
f5e97b
f6f6f5
f6f6f7
f5f6f7
efefef
efefed
f2ebb5
fde32b
f7f0b1
f5f6f2
f7f6f6
f4f4f5
f2f0d5
f1f0dd
eeeeee
f1f1f1
f7f6f0
f6f4e5
f6f4e8
f3f1e2
efecdc
efeff2
f0efe7
f3efcd
f7f5e7
f6f6f5
f7f3de
f3f1e6
ede7c1
ede198
eff3ff
f5eab8
f8eec3
f5f7ff
f7f4df
f7e99d
f4e7a2
fadd60
f7e48d
f7f1c3
f6f7fe
f7f2d1
fae787
f8bf5a
f5e0a6
f1f0df
f1d9c9
f7cc9d
f7ebd5
f6e8d7
f6f1eb
eff0f2
efefef
efefef
f0efef
f5e0db
f2d1cf
ef5a54
f4ecea
edafb1
e7545a
eb9295
f1b9b8
efd0cc
fabbb8
f9e5e4
f3e4e2
efe8e7
f0dbd7
eef0f1
f2f2f2
f7f7f7
f6f6f6
f7f7f7
f3f4f4
eeeaea
efeeec
e199bc
f1e7ee
f8fffe
f0dbdf
f0d8dc
f3f8f7
eeeaeb
efefef
efefef
f5f5f5
edebef
f6f7f6
f6f6f6
efeeef
f1f2f0
f3f4f2
f4f6f2
f7f7f6
f6f6f6
f6f6f6
f6f6f6
f2f2f1
f0f0ef
efefef
efeff0
fbfbf8
dddeea
d1d3e5
fafaf7
eeeeee
efefef
eeeeee
f2f2f2
ffffff
9380bd
53379c
6f5ca9
e6e5e9
f1f1f1
eeefee
f8fbf5
ded1e8
cfb8de
fbfef9
f1f0f2
eeeeee
efefef
eeeeee
f3f3f3
f7f7f7
f6f6f6
f7f7f7
f2f2f2
eeeeee
efefef
efefef
f4f4f4
f6f6f6
f6f6f6
f6f6f6
f1f1f1
efefef
ffffff
fafafa
e3e3e3
e5e5e5
e3e3e3
ededed
ffffff
ffffff
ffffff
f5f5f5
e3e3e3
e6e6e6
e3e3e3
f2f2f2
ffffff
ffffff
ffffff
f1f1f1
e3e3e3
e0e3e4
ccd7d9
89cbd0
80cdd1
ffffff
ffffff
b8d7dc
cfdbdd
d7e0e0
b6d5d7
f0f7f7
dbf3f5
f9fcfc
50b7c4
aed3d8
efe8e7
e2e4e4
e6e6e6
fefefe
ffffff
ffffff
fdfbe9
e7e6d9
e5e5e7
e4e4e3
e9e9e9
fffffe
ffffff
fef8ba
fce428
ebe4b2
e4e5f2
e3e3e0
ededed
ffffff
ffffff
ffffff
f6f6f8
e4e3dc
e8e6d1
e3e4ec
f0eee1
fffdea
ffffff
ffffff
f6f2d8
e4e3d8
e5e6ed
e6e1ce
f9f7f1
fdf7d1
f8eca4
ffffff
f3e8ba
e8dfb5
e4e6f0
e8e6db
f9ecad
fef3b9
fde574
feeda8
eeeace
e3e4e8
e7e5db
f3e19f
fbce67
feefc5
fffffe
feeade
f0d1b6
e9e5de
e7e0d6
eae7e4
ffffff
ffffff
ffffff
fbfafa
e7d4cf
e6cac8
eb5f58
eff3f2
f7babc
e75860
f0a4a7
f4d6d5
e4cdcc
f28c88
e7bfbe
efe9e8
fffbfa
fdeae6
ffffff
f3f2f2
e3e3e3
e6e6e6
e3e1e1
f5fafb
ffe5e3
fc8a83
f86064
f0a7a0
e4eceb
e4d0d2
e2cecf
f9fdfd
ffffff
ffffff
ffffff
eeefec
e0e0e1
e6e7e6
e5e5e5
fffffe
f3eff8
f0eaf6
ffffff
e6e6e7
e4e4e4
e4e4e4
e8e8e8
ffffff
ffffff
ffffff
fbfbfc
e7e7e6
d8d9df
d1d2db
eeeeec
ffffff
ffffff
ffffff
f7f7f7
e3e4e3
9d8bbd
6e53a9
8d7dbb
fcfcfd
ffffff
ffffff
f6f7f5
e2e1e2
e4e2e4
e3e3e3
f4f4f4
ffffff
ffffff
ffffff
efefef
e3e3e3
e5e5e5
e3e3e3
f8f8f8
ffffff
ffffff
ffffff
ebebeb
e3e3e3
e5e5e5
e5e5e5
fcfcfc
ffffff
ffffff
f9f9f9
e4e4e4
e6e6e6
e4e4e4
eeeeee
ffffff
ffffff
ffffff
f5f5f5
e4e4e4
e6e6e6
e3e3e3
f2f2f2
ffffff
ffffff
ffffff
f1f1f1
e4e4e4
e3e5e5
c2d4d6
e3eeee
f0fafa
ffffff
ffffff
c8dee2
d0dcde
dee4e4
b7d8da
c1e4e5
8fd5d9
ffffff
caeaed
dbe4e5
e8e6e5
e5e5e5
e7e7e7
fefefe
ffffff
ffffff
fdfdfb
e6e6e6
e5e5e5
e4e4e4
eae9e9
ffffff
fffefa
fdee7e
fbe423
ebe5ad
e4e6f0
e4e4e1
ededed
ffffff
fffffe
ffffff
f5f6fd
e8e4c2
f2e87b
e4e5e8
f0eee9
fffcea
ffffff
ffffff
f5f2db
e5e4db
e5e6eb
e6e3d1
f9f7f1
fdf8d2
f9eea9
ffffff
f2e8be
e8dfb8
e5e7ef
e6e6e2
f8edb9
fef4c4
fee884
feefb2
eae8df
e5e5e5
e4e6ec
eddeb0
fbd971
fff7df
ffffff
fdeee3
ebd5c3
e6e7e6
e5e4e1
e9e9e8
ffffff
ffffff
ffffff
fbf9f9
e6d6d1
e6d3d3
ec6a64
eff7f6
f7b9be
e7606b
f3b8bd
f6eae9
e8aead
e8d1d2
e2f0f0
f1e6e5
fffdfc
fcebe7
ffffff
f3f2f2
e3e3e3
e6e6e6
e3e1e1
f5fdfe
ffd4cf
fa4e3f
fe4331
f38273
e4eced
e5d4d4
e3d1d1
f9fcfc
ffffff
fefeff
ffffff
b8aece
725aaa
9d8ebf
e6e6e5
fefffe
efeaf5
ece5f3
ffffff
e7e7e7
e5e5e5
e5e5e5
e8e8e8
ffffff
ffffff
ffffff
fbfbfb
e5e5e5
e8e8e7
e8e8e6
ebebeb
ffffff
ffffff
ffffff
f8f7f8
e4e4e4
eff1ea
d3cfda
cec7dc
ffffff
ffffff
f7f2fb
eae5ee
e5e5e4
e6e7e6
e2e1e3
f3f3f4
ffffff
ffffff
ffffff
efefef
e4e4e4
e6e6e6
e4e4e4
f8f8f8
ffffff
ffffff
ffffff
ebebeb
e4e4e4
e6e6e6
e5e5e5
fcfcfc
ffffff
ececec
efefef
f9f9f9
f8f8f8
f9f9f9
f5f5f5
ececec
ededed
ececec
f1f1f1
f9f9f9
f8f8f8
f9f9f9
f3f3f3
ececec
ededed
ececec
f3f3f3
fafafa
f5f6f7
d2e5e7
e9edee
ebebeb
efeeee
dde6e9
9eced8
deedf0
f3f7f6
d8eced
d5e8e7
abd7d7
f2eeee
85c8d0
deeef0
fefbfa
f7f8f8
f8f8f8
eeeeee
ededed
ededed
eeeeee
f8f8f8
f8f8f8
f9f9f9
f7f7f6
edeeee
ecebe5
f1e37a
f7e33b
f9f1b3
f8faff
f9f9f6
f6f6f6
ededec
ededed
ececec
f1f1f0
f9f9f9
f8f8fb
f8f8f4
f5eec1
eeeacf
edeef2
ececef
f2f0e2
f9f8f2
f8f9fd
f9f7e8
f2f1ee
eee7c0
efe5a3
ecefff
f4ebc5
f9f1cd
f8faff
f9f9fc
f3ebca
f0e7be
f6e387
f2e4ab
f6f5f2
f9f9f9
f8f9fd
f8e9bc
f7dc7d
eeeade
ecf0f5
eee0d7
f8eae1
f8fbfd
f8f8f8
f7f7f7
ededed
ededed
ededed
efedec
f6e5e0
f7e7e7
f47d77
f6fcfa
ecadb4
e76a77
eac7c7
efe5e5
f3cbc7
f6e4e2
fafcfc
f4f0ef
ece9e8
eedfda
ecedee
f2f2f2
f9f9f9
f8f8f8
f9f9f9
f2f1f1
ecf4f5
eee9e9
ebbebb
f3fdfe
fafefe
f6e6e5
f7e7e5
f1f4f5
ececeb
ededed
ededed
edebf1
e7e3f0
eceaf2
f9f8f8
f0f0f0
f1f2ef
f1f2ef
ededed
f7f7f7
f9f9f9
f8f8f8
f8f8f8
eeeeee
ededed
ededed
efefef
f8f8f8
f8f8f8
f8f8f9
f6f6f6
ededed
ededed
ececec
f0f0f0
f6f5f7
fbfcfa
ddd5e9
af9acf
eae9eb
f1f4ef
a476c7
af85ce
fdfffb
f7f6f8
fffffe
f6f7f5
ebebec
ededed
ececec
f4f4f4
f9f9f9
f8f8f8
f9f9f9
f1f1f1
ececec
ededed
ececec
f5f5f5
f9f9f9
f8f8f8
f9f9f9
efefef
ececec
e2e2e2
eaeaea
ffffff
ffffff
ffffff
f9f9f9
e2e2e2
e5e5e5
e2e2e2
efefef
ffffff
ffffff
ffffff
f4f4f4
e2e2e2
e5e5e5
e2e2e2
f4f4f4
ffffff
fbfefe
ddeff1
cbe3e5
d3ddde
ebe7e6
40a1b7
008aa9
c4e5eb
f2fcfc
afe3e3
d2e5e4
93ccc9
e9e5e6
e8e5e5
fefdfd
ffffff
ffffff
ffffff
e7e7e7
e3e3e3
e3e3e3
e6e6e6
ffffff
ffffff
ffffff
fdfeff
e4e4e8
e4e4e1
f2de57
f9e235
fffaca
ffffff
ffffff
f9f9f9
e2e2e3
e4e4e4
e2e2e2
eeeeee
ffffff
ffffff
fcef8c
fade0c
ede38e
e3e4f0
e3e2e1
f2edc0
fffff3
ffffff
fffff2
eeeeed
e8e0a4
ebe19a
e1e4f8
f6eecb
fffadb
ffffff
ffffff
efeadb
e7e1cb
f2e18e
ebdea5
fcfbf9
ffffff
ffffff
fcefcf
f4db80
e5e2d9
e3e6ea
e6dad2
fff4ee
ffffff
ffffff
fefefe
e5e5e5
e4e4e4
e3e3e3
e9e6e5
feebe5
ffefee
f88c84
f9ffff
e5a5ac
e57c85
e4e3e2
ebe4e4
ffe1de
fff2f1
ffffff
f6f6f6
e2dfdf
e7d7d4
e1e3e3
f2f1f1
ffffff
ffffff
ffffff
f1f8f9
e4bdba
f73323
f82310
fba39b
ffffff
feeeec
fff3f1
edf0f0
e2e1e1
e4e4e4
e5e5e4
f1eef4
e7def1
fdfcfe
ffffff
d9d1de
d8d3db
e5e6e5
e5e5e5
fefefe
ffffff
ffffff
ffffff
e5e5e5
e4e4e4
e3e3e3
e8e8e8
ffffff
ffffff
ffffff
fbfbfb
e3e3e3
e4e4e4
e2e2e2
eeeeed
ffffff
ffffff
ffffff
d1c4db
e1e0e2
e5e6e5
dfdde1
eeedf0
ffffff
ffffff
d3c0e8
dfd8e8
e5e7e4
e4e4e4
e2e2e2
f6f6f6
ffffff
ffffff
ffffff
eeeeee
e2e2e2
e4e4e4
e3e3e3
fafafa
ffffff
ffffff
ffffff
e9e9e9
e2e2e2
e9e9e9
eeeeee
fbfbfb
fbfbfb
fcfcfc
f6f6f6
e9e9e9
ebebeb
e9e9e9
f0f0f0
fcfcfc
fafafa
fcfcfc
f3f3f3
e9e9e9
ebebeb
e9e9e9
f3f3f3
fcfcfc
fdfafa
e3edef
ecefee
e2e7e7
f1eded
dde6e7
bcdce2
f5f8f8
fffdfd
f9f9fa
f5f0f0
faeeef
e9eaea
e9eaea
f8f8f8
fbfbfb
fbfbfb
fafafa
ececec
eaeaea
eaeaea
ececec
fafafa
fbfbfa
fbfcff
f9f6d2
edeabe
eaeaf3
ece9cc
f1eaac
fcfcfd
fbf5bc
fbf9e1
f7f7fc
eae9e9
ebebeb
e9e9e9
f0f0f0
fcfcfb
fbfbfe
faf7df
f6ec92
eee9bd
eaeaf3
ebeae5
f5ec92
fbf8df
fbfbff
fcfaeb
f1f0ea
ece8cd
efe7b7
e9ebfa
f5efd0
fcf6d9
fbfbff
fbfdff
f3e7a2
f0df7d
f3e5a2
efe2a9
f8f7f3
fbfcff
fcf9d5
faea9b
f5e197
ebe9df
eaedf0
ebe1d9
faf0e9
fbfdff
fbfbfb
f9f9f9
ebebeb
eaeaea
eae9e9
edf0f0
f8f1ed
faebea
f79a91
f7ffff
e9c6c7
e7a3a6
eaf6f6
eee7e6
f8a8a3
f9c5c1
fcffff
f4f3f3
e9e8e8
ecdeda
e9eaeb
f2f2f2
fcfcfc
fafafa
fcfcfc
f2f3f3
e9e4e4
eebfbc
efaea9
f5e7e5
fcffff
f9ebe9
faedeb
f0f2f3
e9e9e9
e9e9ea
eff0ed
d9d0e3
ad97cc
ebe7f1
fefffd
e9e8ea
e8e7e8
ebebea
ebebeb
f9f9f9
fbfbfb
fbfbfb
f9f9f9
ebebeb
eaeaea
eaeaea
ededed
fbfbfb
fbfbfb
fcfcfc
f7f7f7
eaeaea
eaeaea
ebebea
e8e6eb
c6bde1
f7f7f9
f3f1f6
b59fc9
e4e2e6
eef0ed
dad0df
e4dbea
fefffd
fcfdfb
d2c3e5
e2dcea
eceeeb
eaeaea
e9e9e9
f4f4f4
fcfcfc
fafafa
fcfcfc
f0f0f0
e9e9e9
ebebeb
eaeaea
f7f7f7
fcfcfc
fbfbfb
fbfbfb
ededed
e9e9e9
ffffff
f9f9f9
e6e6e6
e7e7e7
e5e5e5
eeeeee
ffffff
fefefe
ffffff
f6f6f6
e5e5e5
e7e7e7
e5e5e5
f2f2f2
ffffff
fefefe
ffffff
f0f1f2
ece7e6
bcdbde
55c0c7
d6eeef
ffffff
f2f8f9
5eb2c7
309fba
97c6d1
f1ebe9
dae0e0
e5f1f1
daf1f1
ffffff
fefefe
ebebeb
e6e6e6
e6e6e6
e7e7e7
fcfcfc
ffffff
ffffff
fdfdfd
e8e8e8
e6e6e6
e6e6e7
eae9e3
fffef7
fffeff
ffffff
f9f1b3
e7e6dc
e8e6d1
e5e5e0
ededee
ffffff
fefefe
ffffff
f6f6f6
e5e5e5
e7e7e6
e5e6ed
f0f1f8
fffdf1
fefeff
ffffff
f2f3fd
e5e5e8
e7e7e7
e5e5e1
f6f8ff
fef6c0
fbefa7
ffffff
f3edcf
e9e3c9
e6e7ec
e6e7ec
f7ec9d
fff5b5
fceeb0
fdf1b6
ebeae6
e5e6eb
e8e5c4
eee398
fbecac
fffcf5
ffffff
fcf3ec
e8dfd9
e6e8ea
e6e6e5
e9e9e9
fefefe
fffefe
ffffff
fbe3e0
eda299
e9d2d0
ec9d95
ecfcfc
fcc6c4
f5a29f
ffffff
f7f5f5
e5e8e8
e6eded
e5e4e4
f0f3f3
fff3f2
fbd6d1
ffffff
f3f3f3
e5e5e5
e7e7e7
e5e4e4
f4f5f5
fffefd
f78074
fa5a4a
edc4c0
e5f0f1
e7dddc
e6dddc
f7fafa
ffffff
fefefe
fffeff
f0f1ef
f0f3ec
e9eae8
e6e5e6
fffffe
ffffff
fefefe
fefefe
e9e9e9
e6e6e6
e6e6e6
e9e9e9
fdfdfd
ffffff
ffffff
fbfbfb
e7e7e7
e7e7e7
e5e5e5
ebebeb
ffffff
fefefe
ffffff
edebf2
9d8ec4
e0dfe4
e4e3e4
cfc2da
f9f7fb
ffffff
dec9eb
d5c0e2
eaede8
e6e5e6
edf0e9
f6f7f5
ffffff
fefefe
ffffff
f0f0f0
e5e5e5
e7e7e7
e5e5e5
f7f7f7
ffffff
fefefe
ffffff
ededed
e5e5e5
e7e7e7
e6e6e6
fafafa
ffffff
ffffff
fbfbfb
e3e3e3
e5e5e5
e2e2e2
ededed
ffffff
ffffff
ffffff
f6f6f6
e2e2e2
e5e5e5
e2e2e2
f1f1f1
ffffff
ffffff
ffffff
eff1f1
f1e6e5
6fc6cd
00abb8
8fdce1
ffffff
f4fbfc
55afc6
1192b4
92c2ce
d9e1e2
68bac6
cdeaeb
d5f0f0
ffffff
ffffff
e9e9e9
e3e3e3
e4e4e4
e5e5e5
fefefe
ffffff
ffffff
ffffff
e6e6e6
e4e4e4
e3e3e3
e8e8ea
ffffff
ffffff
fffffd
fbf7cd
e5e4de
e7e5d8
e5e3ce
ebecef
ffffff
ffffff
ffffff
f7f7f7
e2e2e2
e5e5e5
e2e2e2
f0efe1
fffff1
ffffff
ffffff
f3f2f0
e2e2e0
e4e5eb
e6e2bf
f8f5d1
fffde7
fef9d1
ffffff
f2ecd3
e6e1c9
e4e5ea
e3e3e0
f8f7f1
ffffff
fef1ae
fff4bd
eae9e7
e3e3e2
e3e5f0
ebe4d0
fdefb3
fffff9
ffffff
fef6ef
e6ded8
e4e6e7
e4e3e3
e7e7e7
ffffff
ffffff
ffffff
fcbeb7
f25240
e8c5c3
e9a59d
ebfdfe
feada6
fa9990
ffffff
f8f7f7
e7ccca
e8d3d1
e2e2e2
f0fbfc
ffbfbb
f96f61
ffffff
f4f4f4
e2e2e2
e5e5e5
e2e2e2
f4f4f4
ffffff
fee2df
ffdad6
efe8e8
e2e2e2
f46a5d
ec938b
f7ffff
ffffff
ffffff
ffffff
eaeaea
e1e0e1
e3e3e4
e7e7e6
e7e1ed
f8f5fa
ffffff
ffffff
e7e7e7
e4e4e4
e4e4e4
e7e7e7
ffffff
ffffff
ffffff
fdfdfd
e4e4e4
e4e4e4
e3e3e3
eaeaea
ffffff
ffffff
ffffff
fbfbfa
eef0e8
e6e6e5
e3e3e3
efefef
ffffff
ffffff
f5edf8
e8e0eb
e5e6e4
e5e4e5
e1e0e1
f2f2f3
ffffff
ffffff
ffffff
f0f0f0
e2e2e2
e5e5e5
e2e2e2
f8f8f8
ffffff
ffffff
ffffff
ececec
e3e3e3
e4e4e4
e4e4e4
fcfcfc
ffffff
f2f2f2
f2f2f2
f3f3f3
f3f3f3
f3f3f3
f3f3f3
f2f2f2
f2f2f2
f2f2f2
f2f2f2
f3f3f3
f3f3f3
f3f3f3
f3f3f3
f2f2f2
f2f2f2
f2f2f2
f1f2f2
fbf5f5
c6e6e9
62cdd4
d1ebec
f8f3f3
f4f3f3
fdf8f6
cce0e4
e8eced
e9f0f1
9bd5de
eef2f2
fdf6f6
f1f2f2
f2f2f2
f3f3f3
f3f3f3
f3f3f3
f3f3f3
f3f3f3
f2f2f2
f2f2f2
f2f2f2
f3f3f3
f3f3f3
f3f3f3
f3f3f3
f2f2f2
f2f2f4
f1f1ea
f5e97b
f7f0b3
f3f3f4
f4f3ec
f3f3f4
f2f2f2
f2f2f2
f2f2f2
f2f2f2
f3f3f2
f3f3f6
f3f2ea
f7ea77
f3f0cd
f2f3fa
f2f2f1
f2f2f2
f3f3f2
f2f3f8
f6f4d8
f6f2cf
f4f3ea
f5f3ec
f2f3f7
f3efda
f4f0da
f3f4f8
f3f3f3
f5efd4
f2f2ed
f6ecaf
f5edba
f3f2f0
f3f3f4
f3f3f3
f5edc7
f6eab0
f2f1ec
f2f4f7
f2eae3
f3ebe5
f3f5f6
f3f3f2
f3f3f3
f2f2f2
f2f2f2
f2f2f2
f2f9f9
f0f3f0
f3eae9
f3b4ad
f2ffff
f6cdc9
f8aaa1
f2fdfe
f2e6e5
f96b61
f78c83
f2f8f8
f3f8f8
f3dbd9
f5b3ac
f2f9fa
f2f1f1
f3f3f3
f3f3f3
f3f3f3
f3f3f3
f2f2f2
f3f9f9
f3fbfb
f3f4f4
f3f7f7
f79188
f5b5af
f3fcfd
f2f0f0
f2f2f2
f2f2f2
f3f3f3
f3f3f3
f3f3f3
f4f4f4
edebee
efeef0
f3f3f3
f2f2f2
f3f3f3
f3f3f3
f3f3f3
f3f3f3
f3f3f3
f2f2f2
f2f2f2
f2f2f2
f3f3f3
f3f3f3
f3f3f3
f3f3f3
f2f2f2
f2f2f2
f2f2f2
f2f2f2
f1f0f2
f4f4f4
f0eff1
a181c3
e3dcea
f6f8f4
ebe7ef
ede9f0
f4f4f3
f3f3f3
f3f3f3
f3f3f3
f2f2f2
f2f2f2
f2f2f2
f2f2f2
f3f3f3
f3f3f3
f3f3f3
f3f3f3
f2f2f2
f2f2f2
f2f2f2
f3f3f3
f3f3f3
f3f3f3
f3f3f3
f3f3f3
f2f2f2
e3e3e3
eaeaea
ffffff
ffffff
ffffff
f9f9f9
e3e3e3
e5e5e5
e2e2e2
eeeeee
ffffff
ffffff
ffffff
f5f5f5
e2e2e2
e5e5e5
e2e2e2
f3f3f3
ffffff
ffffff
ffffff
f5f1f1
e1e2e2
e3e4e4
efe8e6
e3ebec
ecf6f8
ffffff
ffffff
edecec
e0e2e2
e5e5e5
e3e3e3
fbfbfb
ffffff
ffffff
ffffff
e8e8e8
e3e3e3
e4e4e4
e6e6e6
ffffff
ffffff
ffffff
fefefe
e5e5e5
e4e4e4
e3e3e5
e9eaf3
ffffff
ffffff
ffffff
fafafa
e3e3e3
e5e5e5
e2e2e2
ededed
ffffff
ffffff
ffffff
f7f5e4
e4e3d2
e5e5e8
e2e2e1
f2f2f2
ffffff
fffffe
ffffff
f3f1e4
f3db37
f3e062
e2e3ea
f5f2e1
ffffec
ffffff
ffffff
f7e894
e5e2d2
eee5b0
e9e3b8
fbfaf8
ffffff
fffde8
fde455
f7df4a
e7e3cc
e3e5ec
e6dfd7
fef8f2
ffffff
ffffff
fefefe
e5e5e5
e4e3e3
e3e5e6
e9c9c5
ffb7ad
ffe8e6
fdcec7
fbffff
e6c3bf
e9aca6
e2e9ea
edeceb
ffffff
fffefe
ffffff
f6f8f8
e3dcdb
e8cfcc
e2e4e5
f1f0f0
ffffff
ffffff
ffffff
f2f2f2
e2e2e2
e5e4e4
e2e1e1
f6f4f4
ffffff
f9a19b
ffc5c0
eef7f8
e2e0e0
e5e5e5
e3e3e3
fafafa
ffffff
ffffff
ffffff
ebebeb
e4e4e3
e4e4e4
e5e5e5
fefefe
ffffff
ffffff
ffffff
e6e6e6
e4e4e4
e3e3e3
e8e8e8
ffffff
ffffff
ffffff
fcfcfc
e4e4e4
e4e4e4
e3e3e3
ebebeb
ffffff
ffffff
ffffff
f1eff4
e0dfe1
ebf0e8
d0c0dc
e1d3eb
ffffff
fffeff
ffffff
f3f3f3
e2e2e2
e5e5e5
e2e2e2
f5f5f5
ffffff
ffffff
ffffff
eeeeee
e2e2e2
e5e5e5
e3e3e3
f9f9f9
ffffff
ffffff
ffffff
eaeaea
e3e3e3
e6e6e6
ececec
ffffff
fefefe
ffffff
f8f8f8
e6e6e6
e7e7e7
e5e5e5
efefef
ffffff
fefefe
ffffff
f5f5f5
e5e5e5
e8e8e8
e5e5e5
f2f3f3
ffffff
fcfdfd
fbffff
eff0f1
e5e5e5
eae8e8
bcd6dd
83c2d2
d2e9ee
ffffff
fbfefe
ededed
e6e6e6
e7e7e7
e6e6e6
fafafa
ffffff
fefefe
fefefe
eaeaea
e6e6e6
e7e7e7
e8e8e8
fcfcfc
ffffff
ffffff
fcfcfc
e8e8e8
e7e7e7
e6e6e6
ebebe9
fffffe
fefefe
ffffff
f9f9f9
e6e6e6
e7e7e7
e5e5e5
eeeeee
ffffff
fefefe
feffff
f5f6fd
e7e7e0
e7e7e9
e5e5e5
f2f2f2
ffffff
fdfdfe
ffffff
f2f1f1
e7e4d3
e9e7d9
e5e6eb
f6f2dd
fffce8
fefeff
ffffff
efeee4
e5e5e3
efe7b8
eae5c5
f9f9f9
ffffff
feffff
fefae4
f1e599
e7e6e4
e6e7e9
e8ddd6
fdf2ec
ffffff
fffffe
fcfcfc
e8e8e8
e7e4e3
e7f7f9
ed8a80
f83d25
facbc5
fad9d3
f9ffff
eea49c
ef9a90
e4f1f3
eeebeb
ffffff
fefefe
ffffff
f6f6f6
e6e5e5
e9e3e2
e5e6e6
f1f1f1
ffffff
fdfdfd
ffffff
f2f2f2
e5e5e5
e8e7e7
e5e2e2
f5f5f5
ffffff
fcffff
ffffff
efefef
e5e5e5
e7e7e7
e6e6e6
f9f9f9
ffffff
fefefe
ffffff
ebebeb
e6e6e6
e7e7e7
e7e7e7
fbfbfb
ffffff
fefefe
fdfdfd
e8e8e8
e7e7e7
e6e6e6
eaeaea
fefefe
fefefe
ffffff
fafafa
e7e7e7
e7e7e7
e6e6e6
ebebec
ffffff
fefefe
ffffff
fcfdfa
e9ebe8
dcd6e1
b28ecc
bc9ad5
f9f6fb
ffffff
ffffff
f3f3f3
e5e5e5
e8e8e8
e5e5e5
f4f4f4
ffffff
fefefe
ffffff
efefef
e5e5e5
e7e7e7
e6e6e6
f8f8f8
ffffff
fefefe
ffffff
ececec
e6e6e6
fcfcfc
f8f8f8
e9e9e9
eaeaea
e9e9e9
eeeeee
fcfcfc
fbfbfb
fcfcfc
f5f5f5
e9e9e9
eaeaea
e8e8e8
f1f1f1
fdfdfd
fbfbfb
fdfdfd
f3f3f3
e8e8e8
edebeb
f6edeb
f5f4f4
fffefe
f1f5f7
2499b9
0085af
5db0c6
f5eeec
e6e8e9
f7f7f7
fcfcfc
fbfbfb
fcfcfc
ededed
e9e9e9
eaeaea
eaeaea
f9f9f9
fcfcfc
fcfcfc
fafafa
ebebeb
e9e9e9
e9e9e9
ececec
fbfbfb
fbfbfb
fcfcfc
f8f8f8
eaeaea
eaeaea
e9e9e9
eeeeee
fcfcfc
fbfbfb
fcfcfc
f6f6f6
e9e9e9
eaeae8
f2e89a
f7e770
f9f4c4
fbfcff
fdfcfb
f3f3f3
e8e8e8
eaeaea
e8e8e9
f4f3f3
fcfdff
fbfcff
fcfcff
f8ea92
ede6b6
e9ebf3
e9e9e7
f6f5f1
fdfeff
faf7e4
fbf8e0
eeeeed
e9e9e9
eaeaea
eaebed
f9f2e0
fcfaf9
fcffff
fafffc
e9eeed
e9f2f4
eae8e8
ebecec
fbf9f9
fcffff
f9d9d7
f6796b
f37160
ebc9c5
e8c9c3
eef5f6
faedea
f8e0db
fdffff
f6f6f5
e9e9e9
eaeaea
e9e7e7
f0f7f8
fbdad7
f8b1aa
fdffff
f4f2f2
e8e8e8
eaeaea
e8e8e8
f3f3f3
fdfdfd
fbfbfb
fdfbfb
f1f1f1
e8eded
f7827c
f19f99
f4ffff
fdfbfb
fbfbfb
fcfcfc
ededed
e6e6e7
e8e8e9
eaeaea
f8f8f8
fcfcfc
fbfbfb
fbfbfb
ececec
e9e9e9
eaeaea
ebebeb
fafafa
fcfcfc
fcfcfc
f9f9f9
eaeaea
eaeaea
e9e9e9
ededed
fcfcfc
fbfbfb
fcfcfc
fefffb
ecedeb
e9e9ea
ebecea
dad1e2
fbfcfb
ddcce7
8b47b8
975bc0
dfd7e3
eceeeb
e8e7e8
f2f2f2
fdfdfd
fbfbfb
fdfdfd
f2f2f2
e8e8e8
eaeaea
e9e9e9
f5f5f5
fdfdfd
fbfbfb
fcfcfc
efefef
e9e9e9
eaeaea
e9e9e9
f8f8f8
fcfcfc
ffffff
fcfcfc
e3e3e3
e4e4e4
e2e2e2
ececec
ffffff
ffffff
ffffff
f7f7f7
e2e2e2
e5e5e5
e2e2e2
f0f0f0
ffffff
ffffff
ffffff
f2f2f2
e5e3e2
d7e0e1
9bccd3
eff4f4
ffffff
ffffff
bee2eb
72bbce
b6d1d8
ebe7e6
e1e2e2
fafafa
ffffff
ffffff
ffffff
eaeaea
e3e3e3
e4e4e4
e4e4e4
fdfdfd
ffffff
ffffff
ffffff
e6e6e6
e3e3e3
e3e3e3
e7e7e7
ffffff
ffffff
ffffff
fcfcfc
e4e4e4
e4e4e4
e2e2e2
ebebeb
ffffff
ffffff
ffffff
f8f8f7
e2e2e5
e5e3d7
f6e03a
fadf12
fcf085
ffffff
ffffff
f3f3f3
e2e2e2
e5e5e5
e2e2e1
f4f4f6
fffff5
fffef1
ffffff
efefed
e2e2e2
e4e4e4
e2e2e1
f9faff
fffbd8
feeb79
fff9c2
eaebf0
e2e2e1
e4e4e4
e4e5e5
fbf3f3
ffffff
ffe4e0
fc7a6a
f3715f
e7c7c3
e3e8e9
e7e5e5
fffdfc
ffffff
fb938a
fb0d00
fb1700
ea8d83
e3ccc7
ebf2f3
ffd6d1
fdcbc5
ffffff
f9f8f8
e2e2e2
e4e4e4
e2e2e2
eeeff0
fffefd
fff5f4
ffffff
f4f4f4
e2e2e2
e5e5e5
e2e2e2
f3f3f3
ffffff
ffffff
ffffff
f0efef
e1e8e8
ee8c87
e9a6a2
f7ffff
ffffff
ffffff
ffffff
f3f4f0
f0f1e9
ecede9
e3e3e3
fcfcfc
ffffff
ffffff
ffffff
e7e7e7
e3e3e3
e3e3e3
e6e6e6
ffffff
ffffff
ffffff
fefefe
e4e4e4
e4e4e4
e3e3e3
e9e9e9
ffffff
ffffff
ffffff
dad1e7
d5d1dc
e7e7e6
e3e4e3
ded7e3
fdfbff
ffffff
f9f4fc
f1eef2
e4e6e3
e4e4e4
e2e2e2
f2f2f2
ffffff
ffffff
ffffff
f1f1f1
e2e2e2
e5e5e5
e2e2e2
f7f7f7
ffffff
ffffff
ffffff
ececec
e2e2e2
e4e4e4
e3e3e3
fbfbfb
ffffff
f8f8f8
f6f6f6
ededed
eeeeee
ededed
f0f0f0
f8f8f8
f7f7f7
f8f8f8
f4f4f4
ededed
eeeeee
ededed
f2f2f2
f8f8f8
f7f7f7
f8f8f8
f2f2f2
f2efee
d7e6e8
7ec9d5
ebf1f2
faf8f8
faf8f8
ffffff
faf4f2
eceded
f1efef
ededed
f5f5f5
f8f8f8
f7f7f7
f8f8f8
f0f0f0
ededed
eeeeee
eeeeee
f6f6f6
f8f8f8
f8f8f8
f7f7f7
eeeeee
ededed
ededed
efefef
f7f7f7
f7f7f7
f8f8f8
f6f6f6
eeeeee
eeeeee
ededed
f0f0f0
f8f8f8
f7f7f7
f8f8f8
f5f5f5
ededec
edeef1
f0edd7
f4eeb6
f7f6e8
f7f8fa
f8f8f8
f3f3f3
ededed
eeeeee
ededec
f3f4fa
f8f3d2
f7f2cf
f8f9ff
f1f1f0
ededed
eeeeee
ededec
f5f6fc
f7efc5
f4e271
f7f1c3
f0f1f7
ededec
eeeeed
edeeee
f8eabb
f9fdf4
f4cac7
f4452d
fc4e33
f2c0b9
edf5f6
efeded
f7f7f7
f8f9f9
f7f4f4
f4c2be
f0c2bd
eef0ef
eedbd7
f0ffff
f5d7d3
f4ccc6
f8ffff
f5f3f3
ededed
eeeeee
ededed
f1f1f1
f8f9fa
f7fafa
f8f8f8
f3f3f3
ededed
eeeeee
ededed
f3f3f3
f8f9f9
f7f6f6
f6efee
f2f1f1
ecf5f6
f1b9b4
f0cecc
f4fbfc
f8f7f7
f6f6f7
fcfdfa
c5c1d8
8e83bd
c2bdd5
f2f3f0
f5f5f5
f8f8f8
f7f7f7
f7f7f7
efefef
ededed
eeeeee
eeeeee
f7f7f7
f8f8f8
f8f8f8
f6f6f6
eeeeee
eeeeee
ededed
f0f0f0
f8f8f8
f7f7f7
fbfcf9
c0b2d6
d7d0e2
f2f4f0
ecebec
f4f6f3
f9faf9
f7f6f7
fbfcfa
f5f6f5
ececed
eeeeee
ededed
f3f3f3
f8f8f8
f7f7f7
f8f8f8
f2f2f2
ededed
eeeeee
ededed
f4f4f4
f8f8f8
f7f7f7
f8f8f8
f1f1f1
ededed
eeeeee
ededed
f5f5f5
f8f8f8
e4e4e4
eaeaea
ffffff
ffffff
ffffff
f9f9f9
e4e4e4
e6e6e6
e3e3e3
eeeeee
ffffff
ffffff
ffffff
f5f5f5
e3e3e3
e6e6e6
e3e3e3
f3f3f3
ffffff
ffffff
ffffff
f1f1f0
e6e5e4
d3dee0
75b5c7
60b0c8
b3dbe6
ffffff
ffffff
ececec
e4e4e4
e5e5e5
e5e5e5
fbfbfb
ffffff
ffffff
ffffff
e9e9e9
e4e4e4
e5e5e5
e7e7e7
fefefe
ffffff
ffffff
fdfdfd
e6e6e6
e5e5e5
e4e4e4
eaeaea
ffffff
ffffff
ffffff
fafafa
e4e4e4
e6e6e6
e3e3e3
eeeeee
ffffff
ffffff
ffffff
f5f6ff
e4e4e7
e6e6e5
e3e3e3
f2f2f2
ffffff
ffffff
ffffff
f1f1f3
e5e4dd
e8e6d9
e3e3e5
f6f6f6
ffffff
ffffff
ffffff
ededec
e4e5eb
eae6cd
e5e5e8
fafafa
ffffff
ffffff
ffffff
ebe8d8
e5e2de
e5ecee
e6eff0
fbffff
ffffff
ffffff
fefefe
e6e7e7
e5e5e5
e4e5e5
e9f4f5
ffffff
fdb1aa
fd887d
fbe2e0
f38e87
f08f89
e3d9d8
edefef
ffffff
ffffff
ffffff
f6f7f7
e3e3e3
e6e5e5
e3e3e3
f1f1f1
ffffff
ffffff
ffffff
f2f2f2
e3e3e3
e6e6e6
e3e4e4
f5f5f5
ffffff
ffffff
ffffff
eeeeee
e3e3e3
e4e4e5
ecede9
a39dc6
5949a4
aea7d0
ffffff
e8e8e9
e4e4e4
e5e5e5
e6e6e6
fdfdfd
ffffff
ffffff
fefefe
e7e7e7
e5e5e5
e4e4e4
e8e8e8
ffffff
ffffff
ffffff
fbfbfb
e5e5e5
e5e5e5
e3e3e3
f4f6f0
ffffff
fffeff
ffffff
f7f6f7
e3e3e3
e6e6e6
e3e2e3
efeff0
ffffff
ffffff
ffffff
f3f3f3
e3e3e3
e6e6e6
e3e3e3
f4f4f4
ffffff
ffffff
ffffff
efefef
e3e3e3
e6e6e6
e4e4e4
f9f9f9
ffffff
ffffff
ffffff
ebebeb
e4e4e4
e3e3e3
eaeaea
ffffff
ffffff
ffffff
f9f9f9
e4e4e4
e5e5e5
e3e3e3
eeeeee
ffffff
ffffff
ffffff
f5f5f5
e3e3e3
e6e6e6
e3e3e3
f2f2f2
ffffff
e5f3f6
91d3dc
edefef
efe8e6
a4c9d3
0083ac
0083ad
3aa1bd
ffffff
ffffff
ececec
e3e3e3
e5e5e5
e4e4e4
fbfbfb
ffffff
ffffff
ffffff
e9e9e9
e4e4e4
e5e5e5
e7e7e7
fefefe
ffffff
ffffff
fdfdfd
e6e6e6
e5e5e5
e4e4e4
eaeaea
ffffff
ffffff
ffffff
fafafa
e4e4e4
e5e5e5
e3e3e3
eeeeee
ffffff
ffffff
ffffff
f6f5f3
e3e3e2
e6e6e6
e3e3e3
f2f2f2
ffffff
ffffff
ffffff
f1f1f2
e3e3de
e7e5db
e3e3e4
f6f6f6
ffffff
ffffff
ffffff
ededec
e3e3e5
ebe4b4
e5e4d8
fafafd
ffffff
ffffff
ffffff
eae9e9
e6e4dd
e4e3e5
e6e5e4
fefdfd
ffffff
ffffff
fefefe
e6e6e6
e5e5e5
e4e3e3
e9e7e7
fffdfc
fc978d
fe8779
faeae9
ef958c
ef877d
e3e5e6
ededed
ffffff
ffffff
ffffff
f6f6f6
e3e3e3
e6e6e6
e3e3e3
f1f1f1
ffffff
ffffff
ffffff
f2f2f2
e3e3e3
e6e6e6
e3e3e3
f6f4f4
ffffff
fdbdb9
ffd8d5
eef5f6
e3e2e2
e5e5e5
e4e4e4
fffffd
ffffff
ffffff
ffffff
eaeaea
e4e4e4
e5e5e5
e6e6e6
fdfdfd
ffffff
ffffff
fefefe
e7e7e7
e5e5e5
e4e4e4
e8e8e8
ffffff
ffffff
ffffff
fbfbfb
e4e4e4
e5e5e5
e4e4e3
eaeaeb
ffffff
ffffff
ffffff
f7f7f7
e3e3e3
e6e6e6
e3e3e3
f0f0f0
ffffff
ffffff
ffffff
f3f3f3
e3e3e3
e6e6e6
e3e3e3
f5f5f5
ffffff
ffffff
ffffff
efefef
e3e3e3
e5e5e5
e4e4e4
f9f9f9
ffffff
ffffff
ffffff
ebebeb
e3e3e3
f7f7f7
f4f4f4
eeeeee
efefef
eeeeee
f2f2f2
f7f7f7
f6f6f6
f7f7f7
f3f3f3
eeeeee
efefef
eeeeee
f3f3f3
f7f7f7
f6f6f6
f7f7f7
f2f2f2
eeeeee
eeeeee
eaeced
f4f4f4
f7f7f7
f7f7f6
c5e2ea
8ec5d3
c9dde1
f5f2f1
edeeee
f6f6f6
f7f7f7
f7f7f7
f6f6f6
efefef
efefef
efefef
efefef
f6f6f6
f7f7f7
f7f7f7
f6f6f6
efefef
efefef
eeeeee
f0f0f0
f7f7f7
f6f6f6
f7f7f7
f5f5f5
eeeeee
efefef
eeeeee
f2f2f2
f7f7f7
f6f6f6
f7f7f7
f3f3f3
eeeeee
efefef
eeeeee
f3f3f3
f7f7f7
f6f6f6
f7f7f7
f2f2f2
eeeeee
efefef
eeeeee
f4f4f3
f7f8fb
f7f8ff
f7f7f7
f1f1f1
eeeeee
efefef
efefee
f5f5f5
f7f7f7
f7f6ea
f7f6f4
f0f0f0
eeeeee
efeeed
eff0f5
f5eebe
f6f3dd
f7f7fc
f6f5f5
efefef
efefef
eeeeee
f0f0f0
f7f7f7
f6f6f6
f7f7f7
f5f5f5
eeefef
effeff
eefeff
f1fcfd
f8e4e1
f7dad5
f7ffff
f4f2f2
eeeeee
efefef
eeeeee
f3f3f3
f7f7f7
f6f6f6
f7f7f7
f2f2f2
eeeeee
efefef
eeeeee
f4f4f4
f7f7f7
f6f6f6
f7f7f7
f1f0f0
eef5f5
ee9f99
eebbb7
f5fdfe
f7f5f5
f6f6f6
f7f7f7
eeedef
dad4e7
e8e6ec
f0f1ef
f6f6f6
f7f7f7
f7f7f7
f6f6f6
efefef
efefef
eeeeee
f0f0f0
f7f7f7
f6f6f6
f7f7f7
f5f5f5
eeeeee
efefef
eeeeee
f1f1f1
f7f7f7
f6f6f6
f7f7f7
f4f4f4
eeeeee
efefef
eeeeee
f2f2f2
f7f7f7
f6f6f6
f7f7f7
f2f2f2
eeeeee
efefef
eeeeee
f4f4f4
f7f7f7
f6f6f6
f7f7f7
f1f1f1
eeeeee
efefef
eeeeee
f5f5f5
f7f7f7
f6f6f6
f7f7f7
f0f0f0
eeeeee
efefef
efefef
f6f6f6
f7f7f7
ffffff
fafafa
e3e3e3
e4e4e4
e2e2e2
ededed
ffffff
ffffff
ffffff
f6f6f6
e2e2e2
e5e5e5
e2e2e2
f2f2f2
ffffff
ffffff
ffffff
f1f1f1
e2e2e2
e5e5e5
e3e2e2
f7f7f7
ffffff
ffffff
ffffff
f4f0ef
e3e3e3
e5e4e4
e3e3e3
fbfbfb
ffffff
ffffff
ffffff
e8e8e8
e3e3e3
e4e4e4
e5e5e5
ffffff
ffffff
ffffff
ffffff
e5e5e5
e4e4e4
e3e3e3
e8e8e8
ffffff
ffffff
ffffff
fbfbfb
e3e3e3
e4e4e4
e2e2e2
ececec
ffffff
ffffff
ffffff
f7f7f7
e2e2e2
e5e5e5
e2e2e2
f1f1f1
ffffff
ffffff
ffffff
f2f2f2
e2e2e2
e5e5e5
e2e2e1
f6f6f8
fffff3
fffad7
ffffff
ededee
e2e2e2
e4e4e4
e3e3e3
fafafa
ffffff
fffde4
ffffff
e9e9e9
e3e3e3
e4e4e3
e5e5e6
fdfbec
fffffb
ffffff
ffffff
e6e6e6
e3e3e3
e3e3e3
e8e8e8
ffffff
ffffff
ffffff
fcfcfc
e3e3e3
e4e1e1
e2dede
ecefef
ffeceb
fde5e3
ffffff
f7f7f7
e2e2e2
e5e5e5
e2e2e2
f0f0f0
ffffff
ffffff
ffffff
f3f3f3
e2e2e2
e5e5e5
e2e2e2
f5f5f5
ffffff
ffffff
ffffff
eeeeee
e2e1e1
e5f1f2
e3ebeb
f9f8f8
ffffff
ffffff
ffffff
e6e5e8
a290c6
d1ccdc
e8e9e6
fcfcfd
ffffff
ffffff
ffffff
e6e6e6
e3e3e3
e3e3e3
e7e7e7
ffffff
ffffff
ffffff
fcfcfc
e4e4e4
e4e4e4
e2e2e2
ebebeb
ffffff
ffffff
ffffff
f8f8f8
e2e2e2
e5e5e5
e2e2e2
efefef
ffffff
ffffff
ffffff
f4f4f4
e2e2e2
e5e5e5
e2e2e2
f4f4f4
ffffff
ffffff
ffffff
efefef
e2e2e2
e5e5e5
e2e2e2
f9f9f9
ffffff
ffffff
ffffff
ebebeb
e2e2e2
e4e4e4
e4e4e4
fdfdfd
ffffff
fdfdfd
f7f7f7
e8e8e8
eaeaea
e8e8e8
efefef
fdfdfd
fbfbfb
fdfdfd
f4f4f4
e8e8e8
eaeaea
e8e8e8
f2f2f2
fdfdfd
fbfbfb
fdfdfd
f1f1f1
e8e8e8
eaeaea
e8e8e8
f5f5f5
fdfdfd
fbfbfb
fbfcfc
e5ebec
e4e6e7
eaeaea
e9e9e9
f8f8f8
fdfdfd
fcfcfc
fcfcfc
ececec
e9e9e9
e9e9e9
eaeaea
fafafa
fcfcfc
fcfcfc
fafafa
eaeaea
e9e9e9
e8e8e8
ececec
fcfcfc
fcfcfc
fdfdfd
f8f8f8
e9e9e9
e9e9e9
e8e8e8
efefef
fdfdfd
fbfbfb
fdfdfd
f5f5f5
e8e8e8
eaeaea
e8e8e8
f2f2f2
fdfdfd
fbfbfb
fdfdfd
f2f2f2
e8e8e8
eaeaea
e8e7e5
f5f6ff
fbf2ad
f9e754
fcfbf0
efeff3
e8e8e7
e9e9e9
e8e8e8
f8f8fa
fcfcf6
faeb8a
fdf2a9
ecedf2
e8e8e8
e9e9e9
eaeae9
fafbfe
fcfdfe
fcfcfc
fbfbfb
eaeaea
e9e9e9
e9e9e9
ececec
fcfcfc
fcfcfc
fdfdfd
f8f8f8
e9e9e9
e9e9e9
e8e6e6
eefafb
fdc1b9
fbb8ae
fdffff
f6f3f3
e8e8e8
eaeaea
e8e8e8
f1f1f1
fdfdfd
fbfbfb
fdfdfd
f3f3f3
e8e8e8
eaeaea
e8e8e8
f4f4f4
fdfdfd
fbfbfb
fdfdfd
f0f0f0
e8e8e8
e9e7e7
e8e7e7
f7f7f7
fdfdfd
fcfcfc
fcfcfc
edeeed
eff1eb
ebecea
e9e9e9
fafaf9
fcfcfc
fcfcfc
fbfbfb
ebebeb
e9e9e9
e9e9e9
ebebeb
fbfbfb
fcfcfc
fdfdfd
f9f9f9
e9e9e9
e9e9e9
e8e8e8
eeeeee
fdfdfd
fcfcfc
fdfdfd
f6f6f6
e8e8e8
eaeaea
e8e8e8
f1f1f1
fdfdfd
fbfbfb
fdfdfd
f3f3f3
e8e8e8
eaeaea
e8e8e8
f4f4f4
fdfdfd
fbfbfb
fdfdfd
f0f0f0
e8e8e8
eaeaea
e8e8e8
f7f7f7
fdfdfd
fcfcfc
fdfdfd
ededed
e8e8e8
e9e9e9
e9e9e9
f9f9f9
fdfdfd
e6e6e6
ececec
ffffff
fdfdfd
ffffff
f7f7f7
e6e6e6
e8e8e8
e6e6e6
f0f0f0
ffffff
fdfdfd
ffffff
f4f4f4
e6e6e6
e8e8e8
e6e6e6
f3f3f3
ffffff
fdfdfd
ffffff
f0f0f0
e6e6e6
e6e7e7
efe9e9
85c8cf
cdecef
ffffff
fdfefe
ededed
e6e6e6
e7e7e7
e7e7e7
fafafa
ffffff
fefefe
fdfdfd
eaeaea
e7e7e7
e7e7e7
e9e9e9
fdfdfd
fefefe
fefefe
fbfbfb
e8e8e8
e7e7e7
e6e6e6
ececec
fefefe
fdfdfd
ffffff
f8f8f8
e6e6e6
e8e8e8
e6e6e6
efefef
ffffff
fdfdfd
ffffff
f4f4f4
e6e6e6
e8e8e8
e6e6e6
f2f2f2
ffffff
fdfdfd
ffffff
f1f1f3
e7e5db
eae8cf
e6e6e8
f6f6f6
ffffff
fdfdfd
ffffff
ededee
e6e6e5
eae5c4
eae6c6
f9fafa
ffffff
fefefe
fefefe
eaeaea
e7e7e6
e7e7e7
e9e9e9
fcfcfc
fefefe
fefefe
fbfbfb
e8e8e8
e7e7e7
e6e6e6
ebebeb
fefefe
fefefe
fffdfd
f8ffff
edb6ad
eeafa3
e5eef0
eeedec
ffffff
fdfdfd
ffffff
f5f5f5
e6e6e6
e8e8e8
e6e6e6
f2f2f2
ffffff
fdfdfd
ffffff
f2f2f2
e6e6e6
e8e8e8
e6e6e6
f5f5f5
ffffff
fdfdfd
ffffff
eeeeee
e6e6e6
e8e8e8
e7e7e7
f9f9f9
fdfdfe
fdfdfd
fefefe
ebebeb
e6e6e6
e7e7e7
e8e8e8
fcfcfc
fefefe
fefefe
fcfcfc
e8e8e8
e7e7e7
e7e7e7
ebebeb
fefefe
fefefe
ffffff
f9f9f9
e7e7e7
e8e8e8
e6e6e6
eeeeee
ffffff
fdfdfd
ffffff
f6f6f6
e6e6e6
e8e8e8
e6e6e6
f1f1f1
ffffff
fdfdfd
ffffff
f2f2f2
e6e6e6
e8e8e8
e6e6e6
f5f5f5
ffffff
fdfdfd
ffffff
efefef
e6e6e6
e8e8e8
e6e6e6
f8f8f8
ffffff
fdfdfd
fefefe
ebebeb
e6e6e6
e2e2e2
eaeaea
ffffff
ffffff
ffffff
f8f8f8
e2e2e2
e5e5e5
e2e2e2
efefef
ffffff
ffffff
ffffff
f4f4f4
e2e2e2
e5e5e5
e2e2e2
f4f4f4
ffffff
ffffff
ffffff
efefef
e2e2e2
e5e5e5
e3e3e3
fffaf9
ffffff
ffffff
ffffff
ebebeb
e3e3e3
e4e4e4
e4e4e4
fcfcfc
ffffff
ffffff
ffffff
e7e7e7
e3e3e3
e4e4e4
e6e6e6
ffffff
ffffff
ffffff
fdfdfd
e4e4e4
e4e4e4
e3e3e3
eaeaea
ffffff
ffffff
ffffff
f9f9f9
e3e3e3
e5e5e5
e2e2e2
eeeeee
ffffff
ffffff
ffffff
f5f5f5
e2e2e2
e5e5e5
e2e2e2
f2f2f2
ffffff
ffffff
ffffff
f0f0f0
e2e3e6
e5e6f0
e2e2e3
f7f7f7
ffffff
ffffff
ffffff
ececeb
e2e2e5
ece7c9
e6e5dd
fbfbfe
ffffff
ffffff
ffffff
e8e8e8
e3e3e3
e4e4e4
e6e6e6
ffffff
ffffff
ffffff
fefefe
e5e5e5
e4e4e4
e3e3e3
e9e9e9
ffffff
ffffff
ffffff
fafbfb
e4e7e7
e6e7e7
e2e3e3
ededed
ffffff
ffffff
ffffff
f6f6f6
e2e2e2
e5e5e5
e2e2e2
f2f2f2
ffffff
ffffff
ffffff
f1f1f1
e2e2e2
e5e5e5
e2e2e2
f6f6f6
ffffff
ffffff
ffffff
ededed
e2e2e2
e4e4e4
e3e3e3
fbfbfb
ffffff
ffffff
ffffff
e9e9e9
e3e3e3
e4e4e4
e5e5e5
fefefe
ffffff
ffffff
fefefe
e5e5e5
e4e4e4
e3e3e3
e8e8e8
ffffff
ffffff
ffffff
fbfbfb
e3e3e3
e4e4e4
e2e2e2
ececec
ffffff
ffffff
ffffff
f7f7f7
e2e2e2
e5e5e5
e2e2e2
f1f1f1
ffffff
ffffff
ffffff
f2f2f2
e2e2e2
e5e5e5
e2e2e2
f5f5f5
ffffff
ffffff
ffffff
eeeeee
e2e2e2
e5e5e5
e3e3e3
fafafa
ffffff
ffffff
ffffff
e9e9e9
e3e3e3
f2f2f2
f2f2f2
f4f4f4
f4f4f4
f4f4f4
f3f3f3
f2f2f2
f2f2f2
f1f1f1
f2f2f2
f4f4f4
f4f4f4
f4f4f4
f3f3f3
f1f1f1
f2f2f2
f1f1f1
f2f2f2
f4f4f4
f4f4f4
f4f4f4
f3f3f3
f1f1f1
f2f2f2
f2f1f1
b0dde4
d7ebee
f9f5f5
f3f4f4
f3f3f3
f1f1f1
f2f2f2
f2f2f2
f3f3f3
f4f4f4
f4f4f4
f4f4f4
f2f2f2
f1f1f1
f2f2f2
f2f2f2
f3f3f3
f4f4f4
f4f4f4
f4f4f4
f2f2f2
f2f2f2
f2f2f2
f2f2f2
f4f4f4
f4f4f4
f4f4f4
f4f4f4
f2f2f2
f2f2f2
f2f2f2
f2f2f2
f4f4f4
f4f4f4
f4f4f4
f3f3f3
f1f1f1
f2f2f2
f1f1f1
f2f2f2
f4f4f4
f4f4f4
f4f4f3
f3f4f8
f0edd3
efe8ae
f1f2f2
f3f3f3
f4f4f4
f4f4f4
f4f4f4
f3f3f2
f1f1f2
f3f2eb
f3f2ec
f3f3f4
f4f4f4
f4f4f4
f4f4f4
f2f2f2
f1f1f1
f2f2f2
f2f2f2
f3f3f3
f4f4f4
f4f4f4
f4f4f4
f2f2f2
f2f2f2
f2f2f2
f2f2f2
f4f4f4
f4f4f4
f4f1f1
f3ffff
f39d93
f2998d
f1feff
f2f0ef
f4f4f4
f4f4f4
f4f4f4
f3f3f3
f2f2f2
f2f2f2
f1f1f1
f2f2f2
f4f4f4
f4f4f4
f4f4f4
f3f3f3
f1f1f1
f2f2f2
f1f1f1
f3f3f3
f4f4f4
f4f4f4
f4f4f4
f3f3f3
f1f1f1
f2f2f2
f1f1f1
f3f3f3
f4f4f4
f4f4f4
f4f4f4
f2f2f2
f1f1f1
f2f2f2
f2f2f2
f3f3f3
f4f4f4
f4f4f4
f4f4f4
f2f2f2
f2f2f2
f2f2f2
f2f2f2
f4f4f4
f4f4f4
f4f4f4
f4f4f4
f2f2f2
f2f2f2
f2f2f2
f2f2f2
f4f4f4
f4f4f4
f4f4f4
f3f3f3
f2f2f2
f2f2f2
f1f1f1
f2f2f2
f4f4f4
f4f4f4
f4f4f4
f3f3f3
f1f1f1
f2f2f2
f1f1f1
f3f3f3
f4f4f4
f4f4f4
f4f4f4
f3f3f3
f1f1f1
f2f2f2
f1f1f1
f3f3f3
f4f4f4
f4f4f4
f4f4f4
f2f2f2
f1f1f1
ffffff
fafafa
e3e3e3
e5e5e5
e3e3e3
ededed
ffffff
ffffff
ffffff
f5f5f5
e2e2e2
e5e5e5
e2e2e2
f2f2f2
ffffff
ffffff
ffffff
f1f1f1
e2e2e2
e5e5e5
e2e2e2
f7f7f7
ffffff
ffffff
ffffff
7fc8d3
b3d4da
ede7e6
e2e3e3
fbfbfb
ffffff
ffffff
ffffff
e9e9e9
e3e3e3
e4e4e4
e6e6e6
fefefe
ffffff
ffffff
fefefe
e6e6e6
e4e4e4
e3e3e3
e9e9e9
ffffff
ffffff
ffffff
fbfbfb
e3e3e3
e5e5e5
e3e3e3
ededed
ffffff
ffffff
ffffff
f6f6f6
e2e2e2
e5e5e5
e2e2e2
f1f1f1
ffffff
ffffff
ffffff
f2f2f2
e2e2e2
e5e5e5
e2e2e0
f6f7ff
fffacb
fbef8a
ffffff
ededed
e2e2e2
e5e5e5
e3e3e3
fafafa
ffffff
ffffff
ffffff
e9e9e9
e3e3e3
e4e4e4
e5e5e5
fefefe
ffffff
ffffff
ffffff
e6e6e6
e4e4e4
e3e3e3
e8e8e8
ffffff
ffffff
ffffff
fbfbfb
e4e4e4
e5e5e5
e3e1e1
ecf4f5
ffcec7
fdcbc3
ffffff
f7f6f6
e3e3e3
e5e5e5
e2e2e2
f0f0f0
ffffff
ffffff
ffffff
f3f3f3
e2e2e2
e5e5e5
e2e2e2
f5f5f5
ffffff
ffffff
ffffff
eeeeee
e2e2e2
e5e5e5
e3e3e3
f9f9f9
ffffff
ffffff
ffffff
eaeaea
e3e3e3
e4e4e4
e5e5e5
fdfdfd
ffffff
ffffff
ffffff
e7e7e7
e4e4e4
e4e4e4
e7e7e7
ffffff
ffffff
ffffff
fcfcfc
e4e4e4
e5e5e5
e3e3e3
ebebeb
ffffff
ffffff
ffffff
f8f8f8
e3e3e3
e5e5e5
e2e2e2
efefef
ffffff
ffffff
ffffff
f4f4f4
e2e2e2
e5e5e5
e2e2e2
f4f4f4
ffffff
ffffff
ffffff
efefef
e2e2e2
e5e5e5
e3e3e3
f8f8f8
ffffff
ffffff
ffffff
ebebeb
e3e3e3
e5e5e5
e4e4e4
fcfcfc
ffffff
ffffff
f9f9f9
e5e5e5
e7e7e7
e5e5e5
eeeeee
ffffff
fefefe
ffffff
f5f5f5
e4e4e4
e7e7e7
e4e4e4
f2f2f2
ffffff
fefefe
ffffff
f1f1f1
e4e4e4
e7e7e7
e5e5e5
f6f6f6
ffffff
fefefe
ffffff
f6f0ef
e8e6e5
e6e6e7
e6e6e6
fafafa
ffffff
ffffff
ffffff
eaeaea
e5e5e5
e6e6e6
e7e7e7
fdfdfd
ffffff
ffffff
fdfdfd
e7e7e7
e6e6e6
e5e5e5
eaeaea
ffffff
ffffff
ffffff
fafafa
e5e5e5
e7e7e7
e5e5e5
ededed
ffffff
fefefe
ffffff
f6f6f6
e5e5e5
e7e7e7
e4e4e4
f1f1f1
ffffff
fefefe
ffffff
f2f2f2
e4e4e4
e7e7e7
e4e4e5
f5f5f4
ffffff
feffff
ffffff
eeeeee
e5e5e5
e7e7e7
e5e5e5
f9f9f9
ffffff
fffffe
ffffff
eaeaeb
e5e5e5
e6e6e6
e7e7e7
fcfcfc
ffffff
ffffff
fdfdfd
e8e8e8
e6e6e6
e5e5e5
eaeaea
ffffff
ffffff
ffffff
fafafa
e6e6e6
e6e6e6
e5e3e3
edf5f6
fed2ca
fac0b5
ffffff
f7f5f5
e5e5e5
e7e7e7
e4e4e4
f1f1f1
ffffff
fefefe
ffffff
f3f3f3
e4e4e4
e7e7e7
e4e4e4
f5f5f5
ffffff
fefefe
ffffff
efefef
e5e5e5
e7e7e7
e5e5e5
f8f8f8
ffffff
ffffff
ffffff
ebebeb
e5e5e5
e6e6e6
e6e6e6
fcfcfc
ffffff
ffffff
fefefe
e8e8e8
e6e6e6
e6e6e6
e9e9e9
fefefe
ffffff
ffffff
fbfbfb
e6e6e6
e6e6e6
e5e5e5
ececec
ffffff
fefefe
ffffff
f7f7f7
e5e5e5
e7e7e7
e4e4e4
f0f0f0
ffffff
fefefe
ffffff
f3f3f3
e4e4e4
e7e7e7
e4e4e4
f4f4f4
ffffff
fefefe
ffffff
efefef
e4e4e4
e7e7e7
e5e5e5
f8f8f8
ffffff
fefefe
ffffff
ececec
e5e5e5
e6e6e6
e6e6e6
fbfbfb
ffffff
eaeaea
eeeeee
fbfbfb
fafafa
fbfbfb
f6f6f6
eaeaea
ebebeb
eaeaea
f0f0f0
fbfbfb
fafafa
fbfbfb
f4f4f4
eaeaea
ebebeb
eaeaea
f3f3f3
fbfbfb
fafafa
fbfbfb
f1f1f1
eaeaea
ebebeb
ebeaea
edf2f3
f8fafa
fbfafa
fbfbfb
efefef
eaeaea
ebebeb
ebebeb
f7f7f7
fbfbfb
fafafa
fafafa
ededed
eaeaea
ebebeb
ececec
f9f9f9
fafafa
fbfbfb
f8f8f8
ebebeb
ebebeb
eaeaea
eeeeee
fafafa
fafafa
fbfbfb
f7f7f7
eaeaea
ebebeb
eaeaea
f0f0f0
fbfbfb
fafafa
fbfbfb
f4f4f4
eaeaea
ebebeb
eaeaea
f2f2f2
fbfbfb
fafafa
fbfbfb
f2f2f2
eaeae9
ebebea
eaeaea
f5f5f5
fbfbfb
fafafa
fbfbfb
efefef
eaeaea
ebebeb
eaeaea
f7f7f7
fbfbfb
fafafa
fafafa
ededed
eaeaea
ebebeb
ececec
f9f9f9
fafafa
fafafa
f9f9f9
ececec
ebebeb
eaeaea
ededed
fafafa
fafafa
fbfafa
f6fafb
edd9d5
eed6d1
e9eeef
f0efef
fbfbfb
fafafa
fbfbfb
f5f5f5
eaeaea
ebebeb
eaeaea
f2f2f2
fbfbfb
fafafa
fbfbfb
f2f2f2
eaeaea
ebebeb
eaeaea
f4f4f4
fbfbfb
fafafa
fbfbfb
f0f0f0
eaeaea
ebebeb
eaeaea
f6f6f6
fbfbfb
fafafa
fafafa
eeeeee
eaeaea
ebebeb
ebebeb
f8f8f8
fbfbfb
fafafa
f9f9f9
ececec
ebebeb
eaeaea
ededed
fafafa
fafafa
fbfbfb
f7f7f7
ebebeb
ebebeb
eaeaea
efefef
fbfbfb
fafafa
fbfbfb
f5f5f5
eaeaea
ebebeb
eaeaea
f1f1f1
fbfbfb
fafafa
fbfbfb
f3f3f3
eaeaea
ebebeb
eaeaea
f4f4f4
fbfbfb
fafafa
fbfbfb
f0f0f0
eaeaea
ebebeb
eaeaea
f6f6f6
fbfbfb
fafafa
fbfbfb
eeeeee
eaeaea
e2e2e2
eaeaea
ffffff
ffffff
ffffff
f9f9f9
e2e2e2
e4e4e4
e2e2e2
eeeeee
ffffff
ffffff
ffffff
f4f4f4
e2e2e2
e5e5e5
e2e2e2
f3f3f3
ffffff
ffffff
ffffff
efefef
e2e2e2
e5e5e5
e2e2e2
f9f8f8
ffffff
ffffff
ffffff
ebebeb
e2e2e2
e4e4e4
e4e4e4
fcfcfc
ffffff
ffffff
ffffff
e7e7e7
e3e3e3
e3e3e3
e6e6e6
ffffff
ffffff
ffffff
fefefe
e4e4e4
e4e4e4
e3e3e3
e9e9e9
ffffff
ffffff
ffffff
fafafa
e3e3e3
e4e4e4
e2e2e2
eeeeee
ffffff
ffffff
ffffff
f5f5f5
e2e2e2
e5e5e5
e2e2e2
f2f2f2
ffffff
ffffff
ffffff
f0f0f0
e2e2e2
e5e5e4
e2e2e2
f7f7f7
ffffff
ffffff
ffffff
ececec
e2e2e2
e4e4e4
e3e3e3
fbfbfb
ffffff
ffffff
ffffff
e8e8e8
e3e3e3
e3e3e3
e5e5e5
ffffff
ffffff
ffffff
fefefe
e5e5e5
e4e4e4
e3e3e3
e9e9e9
ffffff
ffffff
ffffff
faffff
e6c6c2
e7c0ba
e1e8e9
edecec
ffffff
ffffff
ffffff
f6f6f6
e2e2e2
e5e5e5
e2e2e2
f2f2f2
ffffff
ffffff
ffffff
f1f1f1
e2e2e2
e5e5e5
e2e2e2
f6f6f6
ffffff
ffffff
ffffff
ededed
e2e2e2
e4e4e4
e3e3e3
fafafa
ffffff
ffffff
ffffff
e9e9e9
e3e3e3
e4e4e4
e5e5e5
fefefe
ffffff
ffffff
ffffff
e5e5e5
e3e3e3
e3e3e3
e8e8e8
ffffff
ffffff
ffffff
fbfbfb
e3e3e3
e4e4e4
e2e2e2
ececec
ffffff
ffffff
ffffff
f7f7f7
e2e2e2
e5e5e5
e2e2e2
f1f1f1
ffffff
ffffff
ffffff
f2f2f2
e2e2e2
e5e5e5
e2e2e2
f5f5f5
ffffff
ffffff
ffffff
eeeeee
e2e2e2
e4e4e4
e3e3e3
fafafa
ffffff
ffffff
ffffff
e9e9e9
e2e2e2
ececec
efefef
f9f9f9
f9f9f9
fafafa
f5f5f5
ececec
ededed
ececec
f1f1f1
fafafa
f8f8f8
fafafa
f4f4f4
ebebeb
ededed
ebebeb
f3f3f3
fafafa
f8f8f8
fafafa
f2f2f2
ebebeb
ededed
ececec
f5f5f5
fafafa
f9f9f9
f9f9f9
f0f0f0
ececec
ededed
ececec
f7f7f7
f9f9f9
f9f9f9
f9f9f9
eeeeee
ececec
ececec
ededed
f8f8f8
f9f9f9
f9f9f9
f8f8f8
ededed
ececec
ececec
efefef
f9f9f9
f9f9f9
f9f9f9
f6f6f6
ececec
ededed
ececec
f0f0f0
fafafa
f9f9f9
fafafa
f4f4f4
ebebeb
ededed
ebebeb
f2f2f2
fafafa
f8f8f8
fafafa
f2f2f2
ebebeb
ededed
ececec
f4f4f4
fafafa
f9f9f9
fafafa
f0f0f0
ececec
ededed
ececec
f6f6f6
f9f9f9
f9f9f9
f9f9f9
eeeeee
ececec
ececec
ededed
f8f8f8
f9f9f9
f9f9f9
f8f8f8
ededed
ececec
ececec
eeeeee
f9f9f9
f9f9f9
f9f9f9
f6fbfb
edd6d3
eed1cd
ebf0f1
f0efef
fafafa
f9f9f9
fafafa
f4f4f4
ececec
ededed
ebebeb
f2f2f2
fafafa
f8f8f8
fafafa
f2f2f2
ebebeb
ededed
ebebeb
f4f4f4
fafafa
f9f9f9
fafafa
f0f0f0
ececec
ededed
ececec
f6f6f6
f9f9f9
f9f9f9
f9f9f9
efefef
ececec
ececec
ededed
f7f7f7
f9f9f9
f9f9f9
f8f8f8
ededed
ececec
ececec
eeeeee
f9f9f9
f9f9f9
f9f9f9
f7f7f7
ececec
ededed
ececec
f0f0f0
f9f9f9
f9f9f9
fafafa
f5f5f5
ececec
ededed
ebebeb
f2f2f2
fafafa
f8f8f8
fafafa
f3f3f3
ebebeb
ededed
ebebeb
f4f4f4
fafafa
f8f8f8
fafafa
f1f1f1
ececec
ededed
ececec
f6f6f6
fafafa
f9f9f9
f9f9f9
efefef
ececec
ffffff
f9f9f9
e4e4e4
e6e6e6
e4e4e4
eeeeee
ffffff
ffffff
ffffff
f5f5f5
e4e4e4
e6e6e6
e4e4e4
f2f2f2
ffffff
ffffff
ffffff
f1f1f1
e4e4e4
e6e6e6
e4e4e4
f6f6f6
ffffff
ffffff
ffffff
ededed
e4e4e4
e6e6e6
e5e5e5
fafafa
ffffff
ffffff
ffffff
eaeaea
e5e5e5
e5e5e5
e7e7e7
fdfdfd
ffffff
ffffff
fdfdfd
e7e7e7
e5e5e5
e5e5e5
eaeaea
ffffff
ffffff
ffffff
fafafa
e5e5e5
e6e6e6
e4e4e4
ededed
ffffff
ffffff
ffffff
f6f6f6
e4e4e4
e6e6e6
e4e4e4
f1f1f1
ffffff
ffffff
ffffff
f2f2f2
e4e4e4
e6e6e6
e4e4e4
f5f5f5
ffffff
ffffff
ffffff
eeeeee
e4e4e4
e6e6e6
e4e4e4
f9f9f9
ffffff
ffffff
ffffff
eaeaea
e5e5e5
e6e6e6
e6e6e6
fcfcfc
ffffff
ffffff
fefefe
e7e7e7
e5e5e5
e5e5e5
e9e9e9
ffffff
ffffff
ffffff
fbfbfb
e5e5e5
e6e6e6
e4e4e4
edecec
ffffff
ffffff
ffffff
f7f7f7
e4e4e4
e6e6e6
e4e4e4
f0f0f0
ffffff
ffffff
ffffff
f3f3f3
e4e4e4
e6e6e6
e4e4e4
f5f5f5
ffffff
ffffff
ffffff
efefef
e4e4e4
e6e6e6
e4e4e4
f8f8f8
ffffff
ffffff
ffffff
ebebeb
e4e4e4
e6e6e6
e6e6e6
fcfcfc
ffffff
ffffff
fefefe
e8e8e8
e5e5e5
e5e5e5
e8e8e8
ffffff
ffffff
ffffff
fbfbfb
e6e6e6
e6e6e6
e4e4e4
ebebeb
ffffff
ffffff
ffffff
f8f8f8
e4e4e4
e6e6e6
e4e4e4
f0f0f0
ffffff
ffffff
ffffff
f4f4f4
e4e4e4
e6e6e6
e4e4e4
f4f4f4
ffffff
ffffff
ffffff
f0f0f0
e4e4e4
e6e6e6
e4e4e4
f8f8f8
ffffff
ffffff
ffffff
ececec
e4e4e4
e6e6e6
e5e5e5
fbfbfb
ffffff
ffffff
fafafa
e3e3e3
e5e5e5
e3e3e3
ededed
ffffff
ffffff
ffffff
f6f6f6
e3e3e3
e5e5e5
e2e2e2
f2f2f2
ffffff
ffffff
ffffff
f1f1f1
e2e2e2
e5e5e5
e3e3e3
f6f6f6
ffffff
ffffff
ffffff
ededed
e3e3e3
e5e5e5
e4e4e4
fafafa
ffffff
ffffff
ffffff
e9e9e9
e4e4e4
e4e4e4
e6e6e6
fefefe
ffffff
ffffff
fefefe
e6e6e6
e4e4e4
e4e4e4
e9e9e9
ffffff
ffffff
ffffff
fbfbfb
e4e4e4
e5e5e5
e3e3e3
ededed
ffffff
ffffff
ffffff
f7f7f7
e3e3e3
e5e5e5
e2e2e2
f1f1f1
ffffff
ffffff
ffffff
f2f2f2
e2e2e2
e5e5e5
e3e3e3
f5f5f5
ffffff
ffffff
ffffff
eeeeee
e3e3e3
e5e5e5
e3e3e3
f9f9f9
ffffff
ffffff
ffffff
eaeaea
e3e3e3
e5e5e5
e5e5e5
fdfdfd
ffffff
ffffff
ffffff
e6e6e6
e4e4e4
e4e4e4
e8e8e8
ffffff
ffffff
ffffff
fbfbfb
e4e4e4
e5e5e5
e3e3e3
ececec
ffffff
ffffff
ffffff
f7f7f7
e3e3e3
e5e5e5
e3e3e3
f0f0f0
ffffff
ffffff
ffffff
f3f3f3
e2e2e2
e5e5e5
e3e3e3
f5f5f5
ffffff
ffffff
ffffff
efefef
e3e3e3
e5e5e5
e3e3e3
f9f9f9
ffffff
ffffff
ffffff
eaeaea
e3e3e3
e5e5e5
e5e5e5
fcfcfc
ffffff
ffffff
ffffff
e7e7e7
e4e4e4
e4e4e4
e7e7e7
ffffff
ffffff
ffffff
fcfcfc
e5e5e5
e5e5e5
e3e3e3
ebebeb
ffffff
ffffff
ffffff
f8f8f8
e3e3e3
e5e5e5
e3e3e3
efefef
ffffff
ffffff
ffffff
f4f4f4
e2e2e2
e5e5e5
e2e2e2
f4f4f4
ffffff
ffffff
ffffff
efefef
e3e3e3
e5e5e5
e3e3e3
f8f8f8
ffffff
ffffff
ffffff
ebebeb
e3e3e3
e5e5e5
e4e4e4
fcfcfc
ffffff
f0f0f0
f1f1f1
f5f5f5
f5f5f5
f6f6f6
f4f4f4
f0f0f0
f0f0f0
efefef
f2f2f2
f6f6f6
f5f5f5
f6f6f6
f3f3f3
efefef
f0f0f0
efefef
f3f3f3
f6f6f6
f5f5f5
f6f6f6
f2f2f2
efefef
f0f0f0
f0f0f0
f4f4f4
f6f6f6
f5f5f5
f6f6f6
f1f1f1
f0f0f0
f0f0f0
f0f0f0
f4f4f4
f6f6f6
f5f5f5
f5f5f5
f1f1f1
f0f0f0
f0f0f0
f0f0f0
f5f5f5
f5f5f5
f5f5f5
f5f5f5
f0f0f0
f0f0f0
f0f0f0
f1f1f1
f5f5f5
f5f5f5
f6f6f6
f4f4f4
f0f0f0
f0f0f0
efefef
f2f2f2
f6f6f6
f5f5f5
f6f6f6
f3f3f3
efefef
f0f0f0
efefef
f2f2f2
f6f6f6
f5f5f5
f6f6f6
f2f2f2
efefef
f0f0f0
efefef
f3f3f3
f6f6f6
f5f5f5
f6f6f6
f2f2f2
efefef
f0f0f0
f0f0f0
f4f4f4
f6f6f6
f5f5f5
f5f5f5
f1f1f1
f0f0f0
f0f0f0
f0f0f0
f5f5f5
f5f5f5
f5f5f5
f5f5f5
f0f0f0
f0f0f0
f0f0f0
f1f1f1
f5f5f5
f5f5f5
f6f6f6
f4f4f4
f0f0f0
f0f0f0
f0f0f0
f1f1f1
f6f6f6
f5f5f5
f6f6f6
f4f4f4
f0f0f0
f0f0f0
efefef
f2f2f2
f6f6f6
f5f5f5
f6f6f6
f3f3f3
efefef
f0f0f0
efefef
f3f3f3
f6f6f6
f5f5f5
f6f6f6
f2f2f2
efefef
f0f0f0
f0f0f0
f4f4f4
f6f6f6
f5f5f5
f5f5f5
f1f1f1
f0f0f0
f0f0f0
f0f0f0
f5f5f5
f5f5f5
f5f5f5
f5f5f5
f0f0f0
f0f0f0
f0f0f0
f1f1f1
f5f5f5
f5f5f5
f6f6f6
f4f4f4
f0f0f0
f0f0f0
f0f0f0
f1f1f1
f6f6f6
f5f5f5
f6f6f6
f4f4f4
f0f0f0
f0f0f0
efefef
f2f2f2
f6f6f6
f5f5f5
f6f6f6
f3f3f3
efefef
f0f0f0
efefef
f3f3f3
f6f6f6
f5f5f5
f6f6f6
f2f2f2
efefef
f0f0f0
f0f0f0
f4f4f4
f6f6f6
f5f5f5
f6f6f6
f1f1f1
f0f0f0
e2e2e2
eaeaea
ffffff
ffffff
ffffff
f9f9f9
e2e2e2
e5e5e5
e2e2e2
efefef
ffffff
ffffff
ffffff
f4f4f4
e2e2e2
e5e5e5
e2e2e2
f4f4f4
ffffff
ffffff
ffffff
efefef
e2e2e2
e5e5e5
e2e2e2
f8f8f8
ffffff
ffffff
ffffff
ebebeb
e2e2e2
e4e4e4
e4e4e4
fcfcfc
ffffff
ffffff
ffffff
e7e7e7
e3e3e3
e3e3e3
e6e6e6
ffffff
ffffff
ffffff
fdfdfd
e4e4e4
e4e4e4
e3e3e3
eaeaea
ffffff
ffffff
ffffff
f9f9f9
e3e3e3
e5e5e5
e2e2e2
eeeeee
ffffff
ffffff
ffffff
f5f5f5
e2e2e2
e5e5e5
e2e2e2
f2f2f2
ffffff
ffffff
ffffff
f0f0f0
e2e2e2
e5e5e5
e2e2e2
f7f7f7
ffffff
ffffff
ffffff
ececec
e2e2e2
e4e4e4
e3e3e3
fbfbfb
ffffff
ffffff
ffffff
e8e8e8
e3e3e3
e4e4e4
e6e6e6
ffffff
ffffff
ffffff
fefefe
e5e5e5
e4e4e4
e3e3e3
e9e9e9
ffffff
ffffff
ffffff
fafafa
e3e3e3
e4e4e4
e2e2e2
ededed
ffffff
ffffff
ffffff
f6f6f6
e2e2e2
e5e5e5
e2e2e2
f2f2f2
ffffff
ffffff
ffffff
f1f1f1
e2e2e2
e5e5e5
e2e2e2
f6f6f6
ffffff
ffffff
ffffff
ededed
e2e2e2
e4e4e4
e3e3e3
fbfbfb
ffffff
ffffff
ffffff
e9e9e9
e3e3e3
e4e4e4
e5e5e5
fefefe
ffffff
ffffff
ffffff
e5e5e5
e4e4e4
e3e3e3
e8e8e8
ffffff
ffffff
ffffff
fbfbfb
e3e3e3
e4e4e4
e2e2e2
ececec
ffffff
ffffff
ffffff
f7f7f7
e2e2e2
e5e5e5
e2e2e2
f1f1f1
ffffff
ffffff
ffffff
f2f2f2
e2e2e2
e5e5e5
e2e2e2
f6f6f6
ffffff
ffffff
ffffff
eeeeee
e2e2e2
e4e4e4
e3e3e3
fafafa
ffffff
ffffff
ffffff
e9e9e9
e3e3e3
e7e7e7
ededed
fefefe
fdfdfd
fefefe
f7f7f7
e7e7e7
e9e9e9
e7e7e7
f0f0f0
fefefe
fcfcfc
fefefe
f4f4f4
e7e7e7
e9e9e9
e7e7e7
f3f3f3
fefefe
fcfcfc
fefefe
f0f0f0
e7e7e7
e9e9e9
e7e7e7
f7f7f7
fefefe
fcfcfc
fefefe
ededed
e7e7e7
e8e8e8
e8e8e8
fafafa
fefefe
fdfdfd
fcfcfc
ebebeb
e8e8e8
e8e8e8
eaeaea
fcfcfc
fdfdfd
fdfdfd
fafafa
e9e9e9
e8e8e8
e7e7e7
ececec
fdfdfd
fdfdfd
fefefe
f8f8f8
e7e7e7
e9e9e9
e7e7e7
efefef
fefefe
fcfcfc
fefefe
f4f4f4
e7e7e7
e9e9e9
e7e7e7
f2f2f2
fefefe
fcfcfc
fefefe
f1f1f1
e7e7e7
e9e9e9
e7e7e7
f6f6f6
fefefe
fcfcfc
fefefe
eeeeee
e7e7e7
e8e8e8
e8e8e8
f9f9f9
fefefe
fdfdfd
fdfdfd
ebebeb
e8e8e8
e8e8e8
e9e9e9
fbfbfb
fdfdfd
fdfdfd
fbfbfb
e9e9e9
e8e8e8
e7e7e7
ececec
fdfdfd
fdfdfd
fefefe
f8f8f8
e8e8e8
e9e9e9
e7e7e7
efefef
fefefe
fcfcfc
fefefe
f5f5f5
e7e7e7
e9e9e9
e7e7e7
f2f2f2
fefefe
fcfcfc
fefefe
f2f2f2
e7e7e7
e9e9e9
e7e7e7
f5f5f5
fefefe
fcfcfc
fefefe
eeeeee
e7e7e7
e9e9e9
e8e8e8
f8f8f8
fefefe
fdfdfd
fdfdfd
ececec
e7e7e7
e8e8e8
e9e9e9
fbfbfb
fdfdfd
fdfdfd
fbfbfb
e9e9e9
e8e8e8
e8e8e8
ebebeb
fdfdfd
fdfdfd
fefefe
f9f9f9
e8e8e8
e9e9e9
e7e7e7
eeeeee
fefefe
fcfcfc
fefefe
f6f6f6
e7e7e7
e9e9e9
e7e7e7
f1f1f1
fefefe
fcfcfc
fefefe
f2f2f2
e7e7e7
e9e9e9
e7e7e7
f5f5f5
fefefe
fcfcfc
fefefe
efefef
e7e7e7
e9e9e9
e7e7e7
f8f8f8
fefefe
fdfdfd
fdfdfd
ececec
e7e7e7
fefefe
f8f8f8
e7e7e7
e9e9e9
e7e7e7
efefef
fefefe
fcfcfc
fefefe
f5f5f5
e7e7e7
e9e9e9
e7e7e7
f2f2f2
ffffff
fcfcfc
fefefe
f1f1f1
e7e7e7
e9e9e9
e7e7e7
f6f6f6
fefefe
fcfcfc
fefefe
eeeeee
e7e7e7
e8e8e8
e8e8e8
f9f9f9
fefefe
fdfdfd
fdfdfd
ebebeb
e7e7e7
e8e8e8
e9e9e9
fbfbfb
fdfdfd
fdfdfd
fbfbfb
e9e9e9
e8e8e8
e7e7e7
ececec
fdfdfd
fdfdfd
fefefe
f8f8f8
e8e8e8
e8e8e8
e7e7e7
eeeeee
fefefe
fcfcfc
fefefe
f5f5f5
e7e7e7
e9e9e9
e7e7e7
f2f2f2
ffffff
fcfcfc
ffffff
f2f2f2
e7e7e7
e9e9e9
e7e7e7
f5f5f5
fefefe
fcfcfc
fefefe
efefef
e7e7e7
e9e9e9
e7e7e7
f8f8f8
fefefe
fdfdfd
fdfdfd
ececec
e7e7e7
e8e8e8
e9e9e9
fbfbfb
fdfdfd
fdfdfd
fbfbfb
e9e9e9
e8e8e8
e8e8e8
ebebeb
fdfdfd
fdfdfd
fefefe
f9f9f9
e8e8e8
e8e8e8
e7e7e7
eeeeee
fefefe
fdfdfd
fefefe
f6f6f6
e7e7e7
e9e9e9
e7e7e7
f1f1f1
fefefe
fcfcfc
ffffff
f3f3f3
e7e7e7
e9e9e9
e7e7e7
f4f4f4
fefefe
fcfcfc
fefefe
efefef
e7e7e7
e9e9e9
e7e7e7
f7f7f7
fefefe
fdfdfd
fdfdfd
ececec
e7e7e7
e8e8e8
e8e8e8
fafafa
fefefe
fdfdfd
fcfcfc
eaeaea
e8e8e8
e8e8e8
eaeaea
fcfcfc
fdfdfd
fefefe
f9f9f9
e8e8e8
e8e8e8
e7e7e7
ededed
fefefe
fdfdfd
fefefe
f7f7f7
e7e7e7
e9e9e9
e7e7e7
f0f0f0
fefefe
fcfcfc
ffffff
f3f3f3
e7e7e7
e9e9e9
e7e7e7
f4f4f4
fefefe
fcfcfc
fefefe
f0f0f0
e7e7e7
e9e9e9
e7e7e7
f7f7f7
fefefe
fdfdfd
fefefe
ededed
e7e7e7
e8e8e8
e8e8e8
fafafa
fefefe
ffffff
fafafa
e3e3e3
e4e4e4
e2e2e2
ededed
ffffff
ffffff
ffffff
f6f6f6
e2e2e2
e5e5e5
e2e2e2
f2f2f2
ffffff
ffffff
ffffff
f1f1f1
e2e2e2
e5e5e5
e2e2e2
f7f7f7
ffffff
ffffff
ffffff
ececec
e2e2e2
e4e4e4
e3e3e3
fbfbfb
ffffff
ffffff
ffffff
e8e8e8
e3e3e3
e4e4e4
e5e5e5
ffffff
ffffff
ffffff
fefefe
e5e5e5
e4e4e4
e3e3e3
e9e9e9
ffffff
ffffff
ffffff
fbfbfb
e3e3e3
e4e4e4
e2e2e2
ececec
ffffff
ffffff
ffffff
f6f6f6
e2e2e2
e5e5e5
e2e2e2
f1f1f1
ffffff
ffffff
ffffff
f2f2f2
e2e2e2
e5e5e5
e2e2e2
f6f6f6
ffffff
ffffff
ffffff
ededed
e2e2e2
e4e4e4
e3e3e3
fafafa
ffffff
ffffff
ffffff
e9e9e9
e3e3e3
e4e4e4
e5e5e5
fefefe
ffffff
ffffff
ffffff
e6e6e6
e4e4e4
e3e3e3
e8e8e8
ffffff
ffffff
ffffff
fcfcfc
e3e3e3
e4e4e4
e2e2e2
ececec
ffffff
ffffff
ffffff
f7f7f7
e2e2e2
e5e5e5
e2e2e2
f0f0f0
ffffff
ffffff
ffffff
f3f3f3
e2e2e2
e5e5e5
e2e2e2
f5f5f5
ffffff
ffffff
ffffff
eeeeee
e2e2e2
e5e5e5
e2e2e2
f9f9f9
ffffff
ffffff
ffffff
eaeaea
e3e3e3
e4e4e4
e4e4e4
fdfdfd
ffffff
ffffff
ffffff
e6e6e6
e3e3e3
e3e3e3
e7e7e7
ffffff
ffffff
ffffff
fcfcfc
e4e4e4
e4e4e4
e2e2e2
ebebeb
ffffff
ffffff
ffffff
f8f8f8
e2e2e2
e5e5e5
e2e2e2
efefef
ffffff
ffffff
ffffff
f4f4f4
e2e2e2
e5e5e5
e2e2e2
f4f4f4
ffffff
ffffff
ffffff
efefef
e2e2e2
e5e5e5
e2e2e2
f9f9f9
ffffff
ffffff
ffffff
ebebeb
e2e2e2
e4e4e4
e4e4e4
fcfcfc
ffffff
f6f6f6
f4f4f4
f0f0f0
f0f0f0
f0f0f0
f2f2f2
f6f6f6
f5f5f5
f6f6f6
f3f3f3
f0f0f0
f0f0f0
f0f0f0
f3f3f3
f6f6f6
f5f5f5
f6f6f6
f2f2f2
f0f0f0
f0f0f0
f0f0f0
f4f4f4
f5f5f5
f5f5f5
f5f5f5
f1f1f1
f0f0f0
f0f0f0
f0f0f0
f4f4f4
f5f5f5
f5f5f5
f5f5f5
f1f1f1
f0f0f0
f0f0f0
f1f1f1
f5f5f5
f5f5f5
f5f5f5
f5f5f5
f0f0f0
f0f0f0
f0f0f0
f1f1f1
f5f5f5
f5f5f5
f5f5f5
f4f4f4
f0f0f0
f0f0f0
f0f0f0
f2f2f2
f6f6f6
f5f5f5
f6f6f6
f3f3f3
f0f0f0
f0f0f0
f0f0f0
f3f3f3
f6f6f6
f5f5f5
f6f6f6
f2f2f2
f0f0f0
f0f0f0
f0f0f0
f3f3f3
f6f6f6
f5f5f5
f5f5f5
f1f1f1
f0f0f0
f0f0f0
f0f0f0
f4f4f4
f5f5f5
f5f5f5
f5f5f5
f1f1f1
f0f0f0
f0f0f0
f0f0f0
f5f5f5
f5f5f5
f5f5f5
f5f5f5
f0f0f0
f0f0f0
f0f0f0
f1f1f1
f5f5f5
f5f5f5
f5f5f5
f4f4f4
f0f0f0
f0f0f0
f0f0f0
f2f2f2
f6f6f6
f5f5f5
f6f6f6
f3f3f3
f0f0f0
f0f0f0
f0f0f0
f3f3f3
f6f6f6
f5f5f5
f6f6f6
f2f2f2
f0f0f0
f0f0f0
f0f0f0
f3f3f3
f6f6f6
f5f5f5
f5f5f5
f2f2f2
f0f0f0
f0f0f0
f0f0f0
f4f4f4
f5f5f5
f5f5f5
f5f5f5
f1f1f1
f0f0f0
f0f0f0
f0f0f0
f5f5f5
f5f5f5
f5f5f5
f5f5f5
f0f0f0
f0f0f0
f0f0f0
f1f1f1
f5f5f5
f5f5f5
f5f5f5
f4f4f4
f0f0f0
f0f0f0
f0f0f0
f2f2f2
f5f5f5
f5f5f5
f5f5f5
f3f3f3
f0f0f0
f0f0f0
f0f0f0
f2f2f2
f6f6f6
f5f5f5
f6f6f6
f3f3f3
f0f0f0
f0f0f0
f0f0f0
f3f3f3
f6f6f6
f5f5f5
f5f5f5
f2f2f2
f0f0f0
f0f0f0
f0f0f0
f4f4f4
f5f5f5
f5f5f5
f5f5f5
f1f1f1
f0f0f0
f0f0f0
f0f0f0
f5f5f5
f5f5f5
e3e3e3
ebebeb
ffffff
ffffff
ffffff
f8f8f8
e3e3e3
e5e5e5
e3e3e3
efefef
ffffff
ffffff
ffffff
f4f4f4
e2e2e2
e5e5e5
e2e2e2
f4f4f4
ffffff
ffffff
ffffff
efefef
e3e3e3
e5e5e5
e3e3e3
f8f8f8
ffffff
ffffff
ffffff
ebebeb
e3e3e3
e5e5e5
e4e4e4
fcfcfc
ffffff
ffffff
ffffff
e8e8e8
e4e4e4
e4e4e4
e7e7e7
ffffff
ffffff
ffffff
fdfdfd
e5e5e5
e5e5e5
e3e3e3
eaeaea
ffffff
ffffff
ffffff
f9f9f9
e3e3e3
e5e5e5
e3e3e3
eeeeee
ffffff
ffffff
ffffff
f5f5f5
e3e3e3
e5e5e5
e2e2e2
f2f2f2
ffffff
ffffff
ffffff
f0f0f0
e3e3e3
e5e5e5
e3e3e3
f7f7f7
ffffff
ffffff
ffffff
ececec
e3e3e3
e5e5e5
e4e4e4
fbfbfb
ffffff
ffffff
ffffff
e8e8e8
e4e4e4
e4e4e4
e6e6e6
fefefe
ffffff
ffffff
fefefe
e5e5e5
e4e4e4
e3e3e3
e9e9e9
ffffff
ffffff
ffffff
fafafa
e4e4e4
e5e5e5
e3e3e3
ededed
ffffff
ffffff
ffffff
f6f6f6
e3e3e3
e5e5e5
e2e2e2
f2f2f2
ffffff
ffffff
ffffff
f1f1f1
e2e2e2
e5e5e5
e3e3e3
f6f6f6
ffffff
ffffff
ffffff
ededed
e3e3e3
e5e5e5
e4e4e4
fafafa
ffffff
ffffff
ffffff
e9e9e9
e4e4e4
e4e4e4
e6e6e6
fefefe
ffffff
ffffff
fefefe
e6e6e6
e4e4e4
e4e4e4
e9e9e9
ffffff
ffffff
ffffff
fbfbfb
e4e4e4
e5e5e5
e3e3e3
ededed
ffffff
ffffff
ffffff
f7f7f7
e3e3e3
e5e5e5
e2e2e2
f1f1f1
ffffff
ffffff
ffffff
f2f2f2
e2e2e2
e5e5e5
e3e3e3
f5f5f5
ffffff
ffffff
ffffff
eeeeee
e3e3e3
e5e5e5
e3e3e3
f9f9f9
ffffff
ffffff
ffffff
eaeaea
e3e3e3
e4e4e4
ebebeb
ffffff
ffffff
ffffff
f8f8f8
e4e4e4
e6e6e6
e4e4e4
efefef
ffffff
ffffff
ffffff
f4f4f4
e4e4e4
e6e6e6
e4e4e4
f3f3f3
ffffff
ffffff
ffffff
f0f0f0
e4e4e4
e6e6e6
e4e4e4
f8f8f8
ffffff
ffffff
ffffff
ececec
e4e4e4
e6e6e6
e5e5e5
fbfbfb
ffffff
ffffff
ffffff
e9e9e9
e5e5e5
e5e5e5
e8e8e8
fefefe
ffffff
ffffff
fcfcfc
e6e6e6
e6e6e6
e4e4e4
ebebeb
ffffff
ffffff
ffffff
f9f9f9
e4e4e4
e6e6e6
e4e4e4
eeeeee
ffffff
ffffff
ffffff
f5f5f5
e4e4e4
e6e6e6
e4e4e4
f2f2f2
ffffff
ffffff
ffffff
f1f1f1
e4e4e4
e6e6e6
e4e4e4
f7f7f7
ffffff
ffffff
ffffff
ededed
e4e4e4
e6e6e6
e5e5e5
fafafa
ffffff
ffffff
ffffff
e9e9e9
e5e5e5
e5e5e5
e7e7e7
fefefe
ffffff
ffffff
fdfdfd
e6e6e6
e5e5e5
e5e5e5
eaeaea
ffffff
ffffff
ffffff
fafafa
e5e5e5
e6e6e6
e4e4e4
eeeeee
ffffff
ffffff
ffffff
f6f6f6
e4e4e4
e6e6e6
e4e4e4
f2f2f2
ffffff
ffffff
ffffff
f1f1f1
e4e4e4
e6e6e6
e4e4e4
f6f6f6
ffffff
ffffff
ffffff
ededed
e4e4e4
e6e6e6
e5e5e5
fafafa
ffffff
ffffff
ffffff
eaeaea
e5e5e5
e5e5e5
e7e7e7
fdfdfd
ffffff
ffffff
fdfdfd
e7e7e7
e5e5e5
e5e5e5
e9e9e9
ffffff
ffffff
ffffff
fafafa
e5e5e5
e6e6e6
e4e4e4
ededed
ffffff
ffffff
ffffff
f6f6f6
e4e4e4
e6e6e6
e4e4e4
f1f1f1
ffffff
ffffff
ffffff
f2f2f2
e4e4e4
e6e6e6
e4e4e4
f5f5f5
ffffff
ffffff
ffffff
eeeeee
e4e4e4
e6e6e6
e4e4e4
f9f9f9
ffffff
ffffff
ffffff
eaeaea
e4e4e4
fafafa
f6f6f6
ececec
ececec
ebebeb
f0f0f0
fafafa
f9f9f9
fafafa
f4f4f4
ebebeb
ededed
ebebeb
f2f2f2
fafafa
f8f8f8
fafafa
f2f2f2
ebebeb
ededed
ebebeb
f4f4f4
fafafa
f9f9f9
fafafa
f0f0f0
ebebeb
ececec
ececec
f6f6f6
fafafa
f9f9f9
f9f9f9
eeeeee
ececec
ececec
ededed
f7f7f7
f9f9f9
f9f9f9
f8f8f8
ededed
ececec
ececec
eeeeee
f9f9f9
f9f9f9
f9f9f9
f6f6f6
ececec
ececec
ebebeb
f0f0f0
f9f9f9
f9f9f9
fafafa
f5f5f5
ebebeb
ededed
ebebeb
f2f2f2
fafafa
f8f8f8
fafafa
f3f3f3
ebebeb
ededed
ebebeb
f4f4f4
fafafa
f9f9f9
fafafa
f1f1f1
ebebeb
ececec
ececec
f6f6f6
fafafa
f9f9f9
f9f9f9
efefef
ececec
ececec
ececec
f7f7f7
f9f9f9
f9f9f9
f8f8f8
ededed
ececec
ececec
eeeeee
f8f8f8
f9f9f9
f9f9f9
f7f7f7
ececec
ececec
ececec
efefef
f9f9f9
f9f9f9
fafafa
f5f5f5
ebebeb
ededed
ebebeb
f1f1f1
fafafa
f8f8f8
fafafa
f3f3f3
ebebeb
ededed
ebebeb
f3f3f3
fafafa
f8f8f8
fafafa
f1f1f1
ebebeb
ececec
ececec
f5f5f5
fafafa
f9f9f9
f9f9f9
efefef
ececec
ececec
ececec
f7f7f7
f9f9f9
f9f9f9
f8f8f8
ededed
ececec
ececec
ededed
f8f8f8
f9f9f9
f9f9f9
f7f7f7
ececec
ececec
ececec
efefef
f9f9f9
f9f9f9
fafafa
f5f5f5
ececec
ececec
ebebeb
f1f1f1
fafafa
f9f9f9
fafafa
f3f3f3
ebebeb
ededed
ebebeb
f3f3f3
fafafa
f8f8f8
fafafa
f1f1f1
ebebeb
ededed
ebebeb
f5f5f5
fafafa
f9f9f9
f9f9f9
efefef
ececec
ececec
ececec
f7f7f7
f9f9f9
ffffff
fbfbfb
e3e3e3
e4e4e4
e2e2e2
ededed
ffffff
ffffff
ffffff
f6f6f6
e2e2e2
e5e5e5
e2e2e2
f1f1f1
ffffff
ffffff
ffffff
f2f2f2
e2e2e2
e5e5e5
e2e2e2
f6f6f6
ffffff
ffffff
ffffff
ededed
e2e2e2
e4e4e4
e3e3e3
fafafa
ffffff
ffffff
ffffff
e9e9e9
e3e3e3
e4e4e4
e5e5e5
fefefe
ffffff
ffffff
ffffff
e6e6e6
e3e3e3
e3e3e3
e8e8e8
ffffff
ffffff
ffffff
fcfcfc
e3e3e3
e4e4e4
e2e2e2
ececec
ffffff
ffffff
ffffff
f7f7f7
e2e2e2
e5e5e5
e2e2e2
f0f0f0
ffffff
ffffff
ffffff
f3f3f3
e2e2e2
e5e5e5
e2e2e2
f5f5f5
ffffff
ffffff
ffffff
eeeeee
e2e2e2
e4e4e4
e2e2e2
fafafa
ffffff
ffffff
ffffff
eaeaea
e2e2e2
e4e4e4
e4e4e4
fdfdfd
ffffff
ffffff
ffffff
e6e6e6
e3e3e3
e3e3e3
e7e7e7
ffffff
ffffff
ffffff
fcfcfc
e4e4e4
e4e4e4
e2e2e2
ebebeb
ffffff
ffffff
ffffff
f8f8f8
e2e2e2
e4e4e4
e2e2e2
efefef
ffffff
ffffff
ffffff
f4f4f4
e2e2e2
e5e5e5
e2e2e2
f4f4f4
ffffff
ffffff
ffffff
efefef
e2e2e2
e4e4e4
e2e2e2
f9f9f9
ffffff
ffffff
ffffff
eaeaea
e2e2e2
e4e4e4
e4e4e4
fdfdfd
ffffff
ffffff
ffffff
e7e7e7
e3e3e3
e3e3e3
e6e6e6
ffffff
ffffff
ffffff
fdfdfd
e4e4e4
e4e4e4
e2e2e2
eaeaea
ffffff
ffffff
ffffff
f9f9f9
e2e2e2
e4e4e4
e2e2e2
eeeeee
ffffff
ffffff
ffffff
f5f5f5
e2e2e2
e5e5e5
e2e2e2
f3f3f3
ffffff
ffffff
ffffff
f0f0f0
e2e2e2
e5e5e5
e2e2e2
f8f8f8
ffffff
ffffff
ffffff
ebebeb
e2e2e2
e4e4e4
e3e3e3
fcfcfc
ffffff
fbfbfb
f7f7f7
ebebeb
ebebeb
eaeaea
f0f0f0
fbfbfb
fafafa
fbfbfb
f5f5f5
eaeaea
ececec
eaeaea
f2f2f2
fbfbfb
fafafa
fbfbfb
f2f2f2
eaeaea
ececec
eaeaea
f4f4f4
fbfbfb
fafafa
fbfbfb
f0f0f0
eaeaea
ebebeb
ebebeb
f7f7f7
fbfbfb
fafafa
fafafa
eeeeee
ebebeb
ebebeb
ececec
f9f9f9
fafafa
fafafa
f9f9f9
ececec
ebebeb
ebebeb
ededed
fafafa
fafafa
fbfbfb
f7f7f7
ebebeb
ebebeb
eaeaea
efefef
fbfbfb
fafafa
fbfbfb
f5f5f5
eaeaea
ececec
eaeaea
f2f2f2
fbfbfb
fafafa
fbfbfb
f3f3f3
eaeaea
ececec
eaeaea
f4f4f4
fbfbfb
fafafa
fbfbfb
f0f0f0
eaeaea
ebebeb
ebebeb
f6f6f6
fbfbfb
fafafa
fafafa
eeeeee
ebebeb
ebebeb
ebebeb
f8f8f8
fafafa
fafafa
f9f9f9
ececec
ebebeb
ebebeb
ededed
fafafa
fafafa
fbfbfb
f7f7f7
ebebeb
ebebeb
eaeaea
efefef
fbfbfb
fafafa
fbfbfb
f5f5f5
eaeaea
ececec
eaeaea
f1f1f1
fbfbfb
fafafa
fbfbfb
f3f3f3
eaeaea
ececec
eaeaea
f4f4f4
fbfbfb
fafafa
fbfbfb
f1f1f1
eaeaea
ebebeb
eaeaea
f6f6f6
fbfbfb
fafafa
fbfbfb
eeeeee
eaeaea
ebebeb
ebebeb
f8f8f8
fbfbfb
fafafa
f9f9f9
ededed
ebebeb
ebebeb
ededed
fafafa
fafafa
fbfbfb
f8f8f8
ebebeb
ebebeb
eaeaea
eeeeee
fbfbfb
fafafa
fbfbfb
f6f6f6
eaeaea
ececec
eaeaea
f1f1f1
fbfbfb
fafafa
fbfbfb
f4f4f4
eaeaea
ececec
eaeaea
f3f3f3
fbfbfb
fafafa
fbfbfb
f1f1f1
eaeaea
ececec
eaeaea
f5f5f5
fbfbfb
fafafa
fbfbfb
efefef
eaeaea
ebebeb
ebebeb
f8f8f8
fbfbfb
e5e5e5
ebebeb
ffffff
ffffff
ffffff
f8f8f8
e5e5e5
e7e7e7
e4e4e4
efefef
ffffff
fefefe
ffffff
f5f5f5
e4e4e4
e7e7e7
e4e4e4
f3f3f3
ffffff
fefefe
ffffff
f1f1f1
e4e4e4
e7e7e7
e5e5e5
f6f6f6
ffffff
fefefe
ffffff
ededed
e5e5e5
e6e6e6
e6e6e6
fafafa
ffffff
ffffff
ffffff
eaeaea
e5e5e5
e6e6e6
e8e8e8
fdfdfd
ffffff
ffffff
fcfcfc
e7e7e7
e6e6e6
e5e5e5
eaeaea
ffffff
ffffff
ffffff
f9f9f9
e5e5e5
e7e7e7
e5e5e5
eeeeee
ffffff
fefefe
ffffff
f5f5f5
e4e4e4
e7e7e7
e4e4e4
f2f2f2
ffffff
fefefe
ffffff
f1f1f1
e4e4e4
e7e7e7
e4e4e4
f6f6f6
ffffff
fefefe
ffffff
ededed
e5e5e5
e7e7e7
e5e5e5
f9f9f9
ffffff
ffffff
ffffff
eaeaea
e5e5e5
e6e6e6
e7e7e7
fdfdfd
ffffff
ffffff
fdfdfd
e7e7e7
e6e6e6
e5e5e5
eaeaea
ffffff
ffffff
ffffff
fafafa
e6e6e6
e7e7e7
e5e5e5
ededed
ffffff
fefefe
ffffff
f6f6f6
e5e5e5
e7e7e7
e4e4e4
f1f1f1
ffffff
fefefe
ffffff
f2f2f2
e4e4e4
e7e7e7
e4e4e4
f5f5f5
ffffff
fefefe
ffffff
eeeeee
e5e5e5
e7e7e7
e5e5e5
f9f9f9
ffffff
ffffff
ffffff
ebebeb
e5e5e5
e6e6e6
e7e7e7
fcfcfc
ffffff
ffffff
fdfdfd
e8e8e8
e6e6e6
e5e5e5
e9e9e9
fefefe
ffffff
ffffff
fafafa
e6e6e6
e6e6e6
e5e5e5
ececec
ffffff
fefefe
ffffff
f7f7f7
e5e5e5
e7e7e7
e4e4e4
f0f0f0
ffffff
fefefe
ffffff
f3f3f3
e4e4e4
e7e7e7
e4e4e4
f4f4f4
ffffff
fefefe
ffffff
efefef
e4e4e4
e7e7e7
e5e5e5
f8f8f8
ffffff
ffffff
ffffff
ebebeb
e5e5e5
e3e3e3
eaeaea
ffffff
ffffff
ffffff
f9f9f9
e3e3e3
e5e5e5
e2e2e2
eeeeee
ffffff
ffffff
ffffff
f5f5f5
e2e2e2
e5e5e5
e2e2e2
f3f3f3
ffffff
ffffff
ffffff
f0f0f0
e2e2e2
e5e5e5
e2e2e2
f7f7f7
ffffff
ffffff
ffffff
ececec
e3e3e3
e5e5e5
e4e4e4
fbfbfb
ffffff
ffffff
ffffff
e8e8e8
e3e3e3
e4e4e4
e6e6e6
ffffff
ffffff
ffffff
fefefe
e5e5e5
e4e4e4
e3e3e3
e9e9e9
ffffff
ffffff
ffffff
fafafa
e3e3e3
e5e5e5
e3e3e3
ededed
ffffff
ffffff
ffffff
f6f6f6
e2e2e2
e5e5e5
e2e2e2
f2f2f2
ffffff
ffffff
ffffff
f1f1f1
e2e2e2
e5e5e5
e2e2e2
f6f6f6
ffffff
ffffff
ffffff
ededed
e3e3e3
e5e5e5
e3e3e3
fafafa
ffffff
ffffff
ffffff
e9e9e9
e3e3e3
e4e4e4
e5e5e5
fefefe
ffffff
ffffff
fefefe
e6e6e6
e4e4e4
e3e3e3
e8e8e8
ffffff
ffffff
ffffff
fbfbfb
e4e4e4
e5e5e5
e3e3e3
ececec
ffffff
ffffff
ffffff
f7f7f7
e2e2e2
e5e5e5
e2e2e2
f1f1f1
ffffff
ffffff
ffffff
f2f2f2
e2e2e2
e5e5e5
e2e2e2
f6f6f6
ffffff
ffffff
ffffff
eeeeee
e2e2e2
e5e5e5
e3e3e3
fafafa
ffffff
ffffff
ffffff
eaeaea
e3e3e3
e4e4e4
e5e5e5
fdfdfd
ffffff
ffffff
ffffff
e6e6e6
e4e4e4
e4e4e4
e8e8e8
ffffff
ffffff
ffffff
fcfcfc
e4e4e4
e5e5e5
e3e3e3
ebebeb
ffffff
ffffff
ffffff
f8f8f8
e3e3e3
e5e5e5
e2e2e2
f0f0f0
ffffff
ffffff
ffffff
f3f3f3
e2e2e2
e5e5e5
e2e2e2
f4f4f4
ffffff
ffffff
ffffff
efefef
e2e2e2
e5e5e5
e3e3e3
f9f9f9
ffffff
ffffff
ffffff
eaeaea
e3e3e3
f4f4f4
f3f3f3
f1f1f1
f1f1f1
f1f1f1
f2f2f2
f4f4f4
f4f4f4
f4f4f4
f3f3f3
f1f1f1
f1f1f1
f1f1f1
f2f2f2
f4f4f4
f4f4f4
f4f4f4
f3f3f3
f1f1f1
f1f1f1
f1f1f1
f3f3f3
f4f4f4
f4f4f4
f4f4f4
f2f2f2
f1f1f1
f1f1f1
f1f1f1
f3f3f3
f4f4f4
f4f4f4
f4f4f4
f2f2f2
f1f1f1
f1f1f1
f1f1f1
f4f4f4
f4f4f4
f4f4f4
f4f4f4
f2f2f2
f1f1f1
f1f1f1
f2f2f2
f4f4f4
f4f4f4
f4f4f4
f3f3f3
f1f1f1
f1f1f1
f1f1f1
f2f2f2
f4f4f4
f4f4f4
f4f4f4
f3f3f3
f1f1f1
f1f1f1
f1f1f1
f2f2f2
f4f4f4
f4f4f4
f4f4f4
f3f3f3
f1f1f1
f1f1f1
f1f1f1
f3f3f3
f4f4f4
f4f4f4
f4f4f4
f2f2f2
f1f1f1
f1f1f1
f1f1f1
f3f3f3
f4f4f4
f4f4f4
f4f4f4
f2f2f2
f1f1f1
f1f1f1
f1f1f1
f4f4f4
f4f4f4
f4f4f4
f4f4f4
f2f2f2
f1f1f1
f1f1f1
f2f2f2
f4f4f4
f4f4f4
f4f4f4
f3f3f3
f1f1f1
f1f1f1
f1f1f1
f2f2f2
f4f4f4
f4f4f4
f4f4f4
f3f3f3
f1f1f1
f1f1f1
f1f1f1
f2f2f2
f4f4f4
f4f4f4
f4f4f4
f3f3f3
f1f1f1
f1f1f1
f1f1f1
f3f3f3
f4f4f4
f4f4f4
f4f4f4
f2f2f2
f1f1f1
f1f1f1
f1f1f1
f3f3f3
f4f4f4
f4f4f4
f4f4f4
f2f2f2
f1f1f1
f1f1f1
f1f1f1
f3f3f3
f4f4f4
f4f4f4
f4f4f4
f2f2f2
f1f1f1
f1f1f1
f2f2f2
f4f4f4
f4f4f4
f4f4f4
f3f3f3
f1f1f1
f1f1f1
f1f1f1
f2f2f2
f4f4f4
f4f4f4
f4f4f4
f3f3f3
f1f1f1
f1f1f1
f1f1f1
f2f2f2
f4f4f4
f4f4f4
f4f4f4
f3f3f3
f1f1f1
f1f1f1
f1f1f1
f3f3f3
f4f4f4
f4f4f4
f4f4f4
f3f3f3
f1f1f1
f1f1f1
f1f1f1
f3f3f3
f4f4f4
f4f4f4
f4f4f4
f2f2f2
f1f1f1
f1f1f1
f1f1f1
f3f3f3
f4f4f4
ffffff
fbfbfb
e4e4e4
e5e5e5
e3e3e3
ececec
ffffff
ffffff
ffffff
f7f7f7
e3e3e3
e5e5e5
e2e2e2
f0f0f0
ffffff
ffffff
ffffff
f3f3f3
e2e2e2
e5e5e5
e2e2e2
f5f5f5
ffffff
ffffff
ffffff
eeeeee
e2e2e2
e5e5e5
e3e3e3
f9f9f9
ffffff
ffffff
ffffff
eaeaea
e3e3e3
e4e4e4
e5e5e5
fdfdfd
ffffff
ffffff
ffffff
e7e7e7
e4e4e4
e4e4e4
e7e7e7
ffffff
ffffff
ffffff
fcfcfc
e4e4e4
e5e5e5
e3e3e3
ebebeb
ffffff
ffffff
ffffff
f8f8f8
e3e3e3
e5e5e5
e2e2e2
efefef
ffffff
ffffff
ffffff
f3f3f3
e2e2e2
e5e5e5
e2e2e2
f4f4f4
ffffff
ffffff
ffffff
efefef
e2e2e2
e5e5e5
e3e3e3
f9f9f9
ffffff
ffffff
ffffff
ebebeb
e3e3e3
e4e4e4
e4e4e4
fdfdfd
ffffff
ffffff
ffffff
e7e7e7
e4e4e4
e4e4e4
e7e7e7
ffffff
ffffff
ffffff
fdfdfd
e4e4e4
e4e4e4
e3e3e3
eaeaea
ffffff
ffffff
ffffff
f9f9f9
e3e3e3
e5e5e5
e2e2e2
eeeeee
ffffff
ffffff
ffffff
f4f4f4
e2e2e2
e5e5e5
e2e2e2
f3f3f3
ffffff
ffffff
ffffff
f0f0f0
e2e2e2
e5e5e5
e3e3e3
f7f7f7
ffffff
ffffff
ffffff
ececec
e3e3e3
e5e5e5
e4e4e4
fcfcfc
ffffff
ffffff
ffffff
e8e8e8
e4e4e4
e4e4e4
e6e6e6
ffffff
ffffff
ffffff
fdfdfd
e5e5e5
e4e4e4
e3e3e3
eaeaea
ffffff
ffffff
ffffff
fafafa
e3e3e3
e5e5e5
e2e2e2
eeeeee
ffffff
ffffff
ffffff
f5f5f5
e2e2e2
e5e5e5
e2e2e2
f2f2f2
ffffff
ffffff
ffffff
f1f1f1
e2e2e2
e5e5e5
e2e2e2
f7f7f7
ffffff
ffffff
ffffff
ececec
e3e3e3
e5e5e5
e3e3e3
fbfbfb
ffffff
ffffff
fafafa
e6e6e6
e7e7e7
e5e5e5
ededed
ffffff
fefefe
ffffff
f6f6f6
e5e5e5
e7e7e7
e5e5e5
f1f1f1
ffffff
fefefe
ffffff
f3f3f3
e5e5e5
e7e7e7
e5e5e5
f5f5f5
ffffff
fefefe
ffffff
efefef
e5e5e5
e7e7e7
e5e5e5
f8f8f8
ffffff
fefefe
ffffff
ebebeb
e5e5e5
e7e7e7
e7e7e7
fbfbfb
ffffff
ffffff
fdfdfd
e8e8e8
e6e6e6
e6e6e6
e9e9e9
fefefe
ffffff
ffffff
fbfbfb
e6e6e6
e7e7e7
e5e5e5
ececec
ffffff
fefefe
ffffff
f7f7f7
e5e5e5
e7e7e7
e5e5e5
f0f0f0
ffffff
fefefe
ffffff
f3f3f3
e5e5e5
e7e7e7
e5e5e5
f4f4f4
ffffff
fefefe
ffffff
efefef
e5e5e5
e7e7e7
e5e5e5
f8f8f8
ffffff
fefefe
ffffff
ececec
e5e5e5
e7e7e7
e7e7e7
fbfbfb
ffffff
ffffff
fefefe
e9e9e9
e6e6e6
e6e6e6
e9e9e9
fefefe
ffffff
ffffff
fbfbfb
e7e7e7
e7e7e7
e5e5e5
ececec
ffffff
fefefe
ffffff
f8f8f8
e5e5e5
e7e7e7
e5e5e5
efefef
ffffff
fefefe
ffffff
f4f4f4
e5e5e5
e7e7e7
e5e5e5
f3f3f3
ffffff
fefefe
ffffff
f0f0f0
e5e5e5
e7e7e7
e5e5e5
f7f7f7
ffffff
fefefe
ffffff
ededed
e5e5e5
e7e7e7
e6e6e6
fafafa
ffffff
ffffff
fefefe
e9e9e9
e6e6e6
e6e6e6
e8e8e8
fdfdfd
ffffff
ffffff
fcfcfc
e7e7e7
e6e6e6
e5e5e5
ebebeb
ffffff
fefefe
ffffff
f9f9f9
e6e6e6
e7e7e7
e5e5e5
efefef
ffffff
fefefe
ffffff
f5f5f5
e5e5e5
e7e7e7
e5e5e5
f2f2f2
ffffff
fefefe
ffffff
f1f1f1
e5e5e5
e7e7e7
e5e5e5
f6f6f6
ffffff
fefefe
ffffff
ededed
e5e5e5
e7e7e7
e6e6e6
f9f9f9
ffffff
